N,P,K,soil_pH,temperature_C,humidity_%,rainfall_mm,crop_type,volume_irrigacao_mm,N_fertilizacao_kg_ha,P_fertilizacao_kg_ha,K_fertilizacao_kg_ha,rendimento_kg_ha
85.81,46.49,41.78,5.99,17.79,77.03,75.62,Wheat,179.75,12.87,6.97,6.27,4408.07
37.24,65.77,19.32,7.24,30.18,61.13,89.91,Soybean,236.88,11.17,19.73,5.8,5389.98
98.71,53.64,38.49,7.16,27.37,68.87,265.43,Wheat,234.56,19.74,10.73,7.7,2931.16
84.24,44.73,18.42,6.03,33.73,70.46,212.01,Maize,207.96,12.64,6.71,2.76,4227.8
120.58,32.18,14.09,5.92,33.86,55.73,269.09,Cotton,96.85,24.12,6.44,2.82,4979.96
73.19,39.58,40.8,5.78,24.87,83.06,238.95,Rice,538.92,14.64,7.92,8.16,4383.55
10.92,56.85,24.59,7.04,21.8,47.91,123.38,Soybean,362.8,2.18,11.37,4.92,4501.2
75.06,48.98,15.6,5.72,22.26,80.34,296.33,Maize,325.2,15.01,9.8,3.12,5264.09
14.85,68.38,16.48,6.35,19.24,76.5,184.82,Soybean,405.4,4.46,20.51,4.94,5598.46
84.37,42.83,39.01,6.92,16.18,41.57,66.85,Rice,123.0,25.31,12.85,11.7,4893.41
72.72,62.21,39.83,6.36,23.47,76.45,166.76,Wheat,107.12,10.91,9.33,5.97,2437.08
67.28,54.08,36.27,5.65,31.16,44.9,263.99,Rice,324.88,10.09,8.11,5.44,3942.56
80.26,32.74,15.89,7.07,20.7,76.53,224.15,Maize,212.15,12.04,4.91,2.38,4942.95
22.88,73.13,20.58,5.87,26.9,51.76,218.8,Soybean,153.6,4.58,14.63,4.12,4629.49
76.38,46.03,15.44,6.84,21.0,77.59,129.04,Maize,119.25,15.28,9.21,3.09,2852.62
69.16,44.75,22.9,7.17,29.07,89.36,202.92,Maize,124.16,13.83,8.95,4.58,5755.72
81.87,34.32,20.74,6.94,19.07,53.2,208.56,Maize,249.36,12.28,5.15,3.11,3334.23
75.3,42.23,41.67,7.39,28.82,41.8,87.26,Wheat,167.04,22.59,12.67,12.5,5732.35
31.92,74.59,17.45,6.31,27.41,86.49,88.64,Soybean,491.28,9.58,22.38,5.23,5723.26
76.2,50.2,42.75,7.34,21.99,83.57,255.13,Rice,203.88,22.86,15.06,12.82,3404.58
72.03,46.95,16.54,7.43,20.31,61.73,77.1,Maize,162.5,21.61,14.09,4.96,5598.02
103.86,52.21,23.86,6.83,21.6,82.4,128.48,Cotton,124.5,20.77,10.44,4.77,4788.83
19.97,75.14,21.17,6.6,15.01,61.49,121.73,Soybean,205.3,5.99,22.54,6.35,3892.74
13.76,70.28,24.82,7.14,30.02,51.23,218.2,Soybean,173.84,2.06,10.54,3.72,5073.96
117.35,57.74,11.26,6.81,15.11,78.5,237.74,Cotton,92.7,17.6,8.66,1.69,2200.87
29.65,68.2,19.12,7.4,32.83,75.96,203.16,Soybean,154.2,4.45,10.23,2.87,5007.11
118.84,31.63,18.86,6.07,20.43,67.01,129.93,Cotton,152.52,35.65,9.49,5.66,3659.47
24.62,78.73,18.44,5.54,32.61,63.85,193.92,Soybean,431.1,7.39,23.62,5.53,4938.54
108.37,42.55,22.46,7.18,33.39,66.71,295.18,Cotton,282.8,16.26,6.38,3.37,2726.92
121.59,42.35,21.19,5.66,15.39,90.0,184.85,Cotton,150.64,24.32,8.47,4.24,5356.92
78.92,56.2,17.73,5.84,27.14,45.73,236.98,Maize,368.4,11.84,8.43,2.66,5632.1
73.84,45.3,15.49,6.7,17.42,79.13,295.96,Maize,198.8,14.77,9.06,3.1,2050.61
121.21,48.16,19.58,6.54,28.01,85.98,203.98,Cotton,80.8,36.36,14.45,5.87,5406.85
18.21,56.83,18.75,6.17,24.89,64.38,131.25,Soybean,333.9,5.46,17.05,5.62,3105.07
17.04,61.47,19.55,6.88,27.92,79.65,172.71,Soybean,438.48,5.11,18.44,5.87,3476.08
82.59,63.55,20.3,5.74,18.85,66.79,79.89,Maize,225.6,12.39,9.53,3.04,4358.35
80.84,47.84,14.15,5.53,25.68,88.71,118.58,Maize,195.36,16.17,9.57,2.83,2049.06
117.46,46.68,27.37,5.63,24.83,74.32,194.26,Cotton,139.9,17.62,7.0,4.11,3664.7
115.53,48.46,19.45,6.74,27.19,87.38,235.02,Cotton,248.28,34.66,14.54,5.83,4207.97
65.96,56.61,42.09,6.07,32.19,51.67,67.79,Rice,240.96,19.79,16.98,12.63,5633.65
89.32,40.4,44.01,6.11,23.05,67.0,118.06,Wheat,211.2,26.8,12.12,13.2,2365.31
63.18,52.22,46.33,5.85,25.38,53.91,160.56,Wheat,183.55,12.64,10.44,9.27,3633.39
106.25,42.08,19.88,6.6,24.1,56.16,128.63,Cotton,192.35,21.25,8.42,3.98,4170.37
73.89,35.33,40.07,6.6,33.55,74.91,159.53,Wheat,205.44,14.78,7.07,8.01,3631.96
105.42,49.72,16.65,6.08,29.11,64.12,153.87,Cotton,213.2,21.08,9.94,3.33,4985.17
37.54,61.61,19.05,5.51,29.52,69.0,259.37,Soybean,232.2,11.26,18.48,5.71,5051.49
127.23,37.19,20.28,7.05,15.87,75.26,236.18,Cotton,90.85,25.45,7.44,4.06,5859.3
34.91,55.37,20.62,5.53,17.88,88.5,267.73,Soybean,418.7,10.47,16.61,6.19,5407.06
82.99,53.76,36.22,5.97,28.69,51.37,121.84,Wheat,252.88,16.6,10.75,7.24,4776.0
64.15,51.7,40.75,6.32,28.64,48.75,95.01,Rice,92.75,12.83,10.34,8.15,2928.75
23.46,70.16,17.94,6.38,21.91,71.95,196.89,Soybean,155.3,7.04,21.05,5.38,3932.83
120.47,48.39,17.3,6.63,28.72,42.45,236.17,Cotton,98.05,36.14,14.52,5.19,3409.28
102.13,51.32,36.36,6.38,26.59,44.51,233.09,Wheat,104.05,15.32,7.7,5.45,4007.18
85.61,40.63,22.1,6.44,16.51,51.28,238.54,Maize,190.75,17.12,8.13,4.42,4146.29
93.7,41.1,42.71,6.44,27.39,56.4,285.79,Wheat,268.96,18.74,8.22,8.54,3633.18
84.81,54.07,45.47,5.77,24.07,77.16,217.62,Rice,205.25,16.96,10.81,9.09,2396.09
114.92,40.7,16.74,5.97,22.25,58.37,295.23,Cotton,255.6,17.24,6.11,2.51,5392.13
68.01,47.82,20.79,5.75,26.29,78.26,67.15,Maize,222.24,10.2,7.17,3.12,4383.93
83.19,54.11,39.91,5.55,15.3,51.9,247.5,Wheat,397.68,24.96,16.23,11.97,2454.6
36.49,65.54,28.48,6.73,29.54,72.95,277.19,Soybean,142.0,5.47,9.83,4.27,2431.85
85.24,41.57,16.64,6.67,29.24,69.87,145.23,Maize,159.25,12.79,6.24,2.5,4603.67
123.38,44.6,21.82,6.13,21.25,87.68,113.72,Cotton,177.7,18.51,6.69,3.27,2386.26
123.27,45.7,16.88,6.83,30.01,76.05,267.02,Cotton,223.8,36.98,13.71,5.06,4626.95
4.34,64.16,22.7,6.36,26.22,71.09,241.86,Soybean,143.36,0.87,12.83,4.54,2721.66
23.07,58.11,20.59,5.64,29.82,44.59,292.95,Soybean,165.05,6.92,17.43,6.18,4886.38
24.92,60.85,20.53,5.66,23.86,70.35,156.0,Soybean,140.88,4.98,12.17,4.11,4712.87
80.58,38.55,40.93,6.1,19.22,52.78,84.31,Wheat,82.16,24.17,11.56,12.28,4130.33
86.57,56.14,42.98,6.42,16.56,61.46,128.27,Wheat,126.35,25.97,16.84,12.89,5205.29
63.47,40.17,41.39,6.3,16.57,77.29,267.63,Rice,303.0,9.52,6.03,6.21,2775.61
86.01,51.65,51.24,5.89,27.05,72.78,240.05,Wheat,75.65,25.8,15.49,15.37,5696.62
124.41,54.59,22.58,7.09,26.83,43.71,137.99,Cotton,256.8,18.66,8.19,3.39,5457.0
27.8,65.15,22.4,6.14,24.51,43.09,87.72,Soybean,328.1,5.56,13.03,4.48,2990.97
68.52,46.54,18.36,7.05,28.58,71.54,63.09,Maize,235.6,10.28,6.98,2.75,4894.93
80.87,65.87,34.36,6.12,28.12,46.45,215.53,Rice,336.72,24.26,19.76,10.31,5252.74
28.18,55.33,18.59,6.23,18.61,87.38,103.55,Soybean,271.92,4.23,8.3,2.79,2404.56
92.87,48.09,36.69,5.81,18.62,71.24,223.21,Rice,154.5,13.93,7.21,5.5,5878.35
109.45,51.24,17.24,5.89,28.57,62.03,192.6,Cotton,208.2,21.89,10.25,3.45,5205.04
82.47,47.94,37.95,6.53,17.49,48.02,70.97,Wheat,418.8,24.74,14.38,11.38,5538.52
103.38,53.52,13.84,6.14,16.98,56.76,228.68,Maize,142.88,31.01,16.06,4.15,2555.17
82.11,42.35,42.38,6.95,25.56,54.41,77.8,Rice,233.68,12.32,6.35,6.36,2443.43
68.29,47.52,21.27,6.73,19.81,73.22,154.14,Maize,250.2,10.24,7.13,3.19,5953.33
90.21,38.1,38.88,5.64,19.82,45.18,214.28,Wheat,225.0,13.53,5.71,5.83,4571.18
112.25,41.44,25.16,5.9,30.82,55.78,271.45,Cotton,56.45,22.45,8.29,5.03,2764.41
82.6,38.34,22.49,6.3,23.79,56.95,289.12,Maize,126.45,24.78,11.5,6.75,2330.45
105.19,55.74,35.39,6.82,21.13,61.31,200.66,Wheat,128.0,31.56,16.72,10.62,3098.22
74.12,57.59,37.78,5.79,27.15,41.74,245.33,Rice,433.5,22.24,17.28,11.33,2613.75
83.06,54.64,17.06,6.8,19.99,76.78,78.36,Maize,119.65,16.61,10.93,3.41,2858.28
79.18,21.97,36.85,7.3,23.9,74.1,71.95,Wheat,258.2,15.84,4.39,7.37,3161.45
18.01,58.09,25.11,7.47,30.84,64.7,109.18,Soybean,178.5,5.4,17.43,7.53,5536.99
5.26,64.21,20.46,7.44,27.85,74.01,162.49,Soybean,150.96,0.79,9.63,3.07,4072.41
94.98,36.94,23.21,6.0,27.7,46.26,187.71,Maize,316.88,19.0,7.39,4.64,2684.8
80.01,39.83,41.23,6.78,26.54,78.35,212.78,Wheat,92.72,24.0,11.95,12.37,5826.6
82.26,42.84,40.08,6.33,24.29,47.18,135.05,Wheat,155.3,16.45,8.57,8.02,5042.66
75.3,48.48,41.82,5.6,33.91,60.91,266.04,Rice,179.16,22.59,14.54,12.55,5052.49
98.8,37.8,46.16,6.51,34.33,57.64,103.79,Wheat,215.4,19.76,7.56,9.23,3142.99
54.43,47.22,21.52,5.6,26.24,54.43,140.63,Maize,57.9,10.89,9.44,4.3,2475.24
83.24,42.66,39.26,6.3,15.81,75.68,59.73,Rice,155.45,12.49,6.4,5.89,5725.47
71.87,43.72,22.29,6.52,24.8,63.74,190.73,Maize,277.6,14.37,8.74,4.46,5187.02
24.62,62.29,22.84,5.6,24.61,76.06,181.06,Soybean,89.8,3.69,9.34,3.43,5792.82
121.34,52.21,21.56,6.72,24.43,76.37,262.09,Cotton,330.72,24.27,10.44,4.31,3507.3
11.77,63.3,22.37,7.41,20.58,87.07,124.62,Soybean,269.5,2.35,12.66,4.47,3919.21
27.36,67.38,20.41,7.46,31.37,80.23,288.65,Soybean,232.9,5.47,13.48,4.08,4989.35
95.12,42.91,41.48,6.67,19.85,66.55,217.46,Wheat,252.4,14.27,6.44,6.22,4724.77
115.42,44.64,23.04,7.01,20.74,42.96,121.35,Cotton,393.24,23.08,8.93,4.61,5528.98
87.62,54.96,23.63,5.52,26.36,89.15,76.83,Maize,203.45,13.14,8.24,3.54,5235.26
78.01,53.9,18.88,6.64,30.15,82.81,93.87,Maize,188.4,15.6,10.78,3.78,2739.12
121.54,45.28,19.87,7.41,21.04,40.57,230.72,Cotton,436.56,18.23,6.79,2.98,3621.67
84.87,41.89,25.94,5.94,17.67,77.39,88.3,Maize,157.55,16.97,8.38,5.19,5207.98
106.07,37.32,23.23,6.22,33.34,81.44,78.05,Cotton,341.88,21.21,7.46,4.65,4081.37
126.98,50.83,21.55,6.33,26.28,73.64,189.7,Cotton,116.96,38.09,15.25,6.46,4313.25
117.63,39.65,19.8,6.32,30.38,88.92,241.46,Cotton,55.55,35.29,11.89,5.94,5668.46
71.82,55.28,39.44,6.57,25.58,51.13,231.96,Wheat,130.0,21.55,16.58,11.83,4127.73
70.05,45.04,41.09,6.34,30.32,40.78,270.94,Wheat,306.64,14.01,9.01,8.22,5488.85
73.17,41.08,40.59,6.08,31.32,55.95,232.88,Rice,276.4,10.98,6.16,6.09,2884.17
23.4,63.7,18.59,7.44,33.83,79.29,217.84,Soybean,136.75,7.02,19.11,5.58,4151.71
23.26,56.58,15.69,6.33,25.6,52.75,147.1,Soybean,195.52,6.98,16.97,4.71,5317.63
12.97,65.92,21.01,6.62,24.59,56.65,267.37,Soybean,282.8,1.95,9.89,3.15,5998.29
36.73,74.03,19.55,6.07,24.33,55.42,212.18,Soybean,106.3,11.02,22.21,5.87,5358.92
79.66,39.66,39.82,7.37,26.58,47.62,154.39,Wheat,95.65,15.93,7.93,7.96,5773.86
76.45,50.13,37.43,6.2,17.8,49.2,186.64,Rice,285.2,15.29,10.03,7.49,2194.06
86.08,59.69,39.55,6.25,27.36,70.83,216.69,Rice,138.5,12.91,8.95,5.93,2066.9
84.68,53.03,38.69,6.55,19.82,52.62,204.95,Wheat,210.65,12.7,7.95,5.8,2972.83
120.38,46.33,19.87,6.61,16.12,48.57,52.36,Cotton,116.35,24.08,9.27,3.97,5579.16
70.68,47.77,41.34,6.87,20.61,72.91,185.76,Wheat,423.5,10.6,7.17,6.2,5282.76
95.1,56.12,26.12,6.98,30.81,43.92,222.33,Maize,234.3,14.26,8.42,3.92,3362.37
108.85,52.65,20.14,6.21,33.82,73.98,157.96,Cotton,217.36,21.77,10.53,4.03,2328.15
103.93,41.97,17.32,5.51,21.17,53.49,139.98,Maize,164.76,31.18,12.59,5.2,2413.17
72.75,30.8,38.32,6.28,16.69,85.26,275.28,Wheat,242.52,14.55,6.16,7.66,3073.63
68.69,49.64,20.79,5.99,27.5,49.78,198.45,Maize,188.1,10.3,7.45,3.12,3519.56
100.18,56.05,18.09,6.89,24.58,59.91,94.41,Maize,155.55,20.04,11.21,3.62,5265.98
69.18,51.47,35.98,6.42,29.17,54.57,159.61,Wheat,216.8,13.84,10.29,7.2,3010.73
139.07,54.91,18.07,7.35,32.39,41.84,154.58,Cotton,229.6,20.86,8.24,2.71,2665.35
97.85,56.19,19.2,5.7,19.44,67.9,236.71,Cotton,164.52,29.35,16.86,5.76,4354.36
94.64,34.98,38.1,7.38,17.83,62.77,127.97,Wheat,70.3,28.39,10.49,11.43,3809.79
79.95,47.95,38.54,6.98,25.32,56.55,187.98,Rice,212.75,11.99,7.19,5.78,4561.92
125.01,38.39,19.11,6.91,19.12,80.44,238.08,Cotton,188.88,25.0,7.68,3.82,2455.82
119.17,50.02,21.82,6.2,31.91,80.69,204.34,Cotton,305.5,23.83,10.0,4.36,2471.45
8.57,55.93,24.01,6.27,18.72,74.67,208.88,Soybean,177.96,1.71,11.19,4.8,3258.32
83.85,41.67,44.45,7.43,25.11,74.23,173.74,Rice,192.65,25.15,12.5,13.34,5044.23
119.12,54.91,19.77,5.73,17.28,81.16,243.78,Cotton,233.92,23.82,10.98,3.95,4943.95
102.39,62.5,19.06,5.67,32.31,80.59,79.35,Maize,401.8,20.48,12.5,3.81,2556.94
31.27,72.43,24.29,7.46,20.85,87.62,193.18,Soybean,127.12,4.69,10.86,3.64,5468.19
106.55,51.28,22.92,6.65,20.37,62.6,153.56,Cotton,217.04,31.96,15.38,6.88,5509.27
56.74,38.96,13.79,7.09,22.95,81.24,292.03,Maize,397.5,17.02,11.69,4.14,5409.69
76.68,53.25,44.3,7.22,23.83,87.9,50.17,Wheat,172.2,15.34,10.65,8.86,3441.74
80.77,60.45,35.8,5.68,16.9,43.9,103.36,Rice,125.1,12.12,9.07,5.37,5952.62
59.59,47.14,41.0,7.26,17.74,77.66,243.37,Wheat,251.64,8.94,7.07,6.15,2656.47
117.39,31.04,19.28,5.67,17.01,69.48,238.11,Cotton,200.5,35.22,9.31,5.78,2336.99
6.62,72.61,21.19,5.88,22.84,79.19,211.54,Soybean,374.88,1.99,21.78,6.36,4375.72
10.57,63.65,16.77,7.03,34.09,40.83,242.59,Soybean,339.0,1.59,9.55,2.52,4026.44
20.07,74.77,16.99,5.81,16.67,86.05,69.76,Soybean,345.84,4.01,14.95,3.4,5338.11
85.9,43.39,37.53,6.37,24.07,55.46,202.21,Rice,156.24,12.88,6.51,5.63,2655.33
78.61,39.4,38.24,7.25,29.66,84.99,79.51,Rice,181.2,23.58,11.82,11.47,4510.13
65.61,63.1,39.97,5.71,26.48,51.42,230.69,Rice,151.44,9.84,9.46,6.0,5680.91
69.4,50.15,19.46,7.33,21.4,68.58,256.5,Maize,149.52,10.41,7.52,2.92,2275.71
115.2,50.75,21.96,5.9,26.28,71.14,125.98,Cotton,51.4,17.28,7.61,3.29,2980.51
73.57,43.03,39.06,6.25,29.76,50.26,126.88,Wheat,182.8,22.07,12.91,11.72,2372.11
52.45,35.61,43.9,6.51,27.74,69.59,148.59,Wheat,363.96,7.87,5.34,6.58,4802.9
38.57,65.65,21.84,5.71,23.99,46.04,128.51,Soybean,165.72,11.57,19.7,6.55,2361.68
83.6,71.9,43.17,6.0,22.11,73.86,178.36,Rice,158.28,12.54,10.79,6.48,4200.48
78.37,40.03,35.13,7.15,22.44,72.23,207.57,Rice,145.8,11.76,6.0,5.27,4583.95
120.14,40.68,15.05,7.35,23.66,64.81,231.11,Cotton,58.85,18.02,6.1,2.26,3784.05
110.25,38.29,24.91,6.46,16.75,60.96,145.75,Cotton,490.8,22.05,7.66,4.98,5957.61
88.3,48.38,24.14,6.14,19.38,78.93,273.94,Maize,81.45,17.66,9.68,4.83,2400.54
21.59,61.02,24.77,7.09,22.1,82.26,259.81,Soybean,396.3,4.32,12.2,4.95,4802.24
84.2,40.13,19.23,5.58,16.12,41.0,200.42,Maize,161.4,16.84,8.03,3.85,2709.84
11.27,57.07,22.92,7.42,22.47,59.78,285.48,Soybean,401.2,3.38,17.12,6.88,3747.47
41.43,56.95,21.8,6.26,29.68,48.89,123.63,Soybean,192.55,8.29,11.39,4.36,5235.23
72.13,43.73,38.12,6.14,27.72,81.08,290.77,Rice,221.4,21.64,13.12,11.44,2271.18
69.59,47.96,37.42,6.49,22.57,45.07,186.51,Rice,491.52,10.44,7.19,5.61,3274.87
83.11,47.18,39.17,7.47,32.86,61.57,226.13,Wheat,109.15,12.47,7.08,5.88,3637.12
69.07,43.02,42.1,6.29,25.99,42.73,172.74,Rice,106.88,20.72,12.91,12.63,2798.7
83.75,40.61,20.08,6.44,32.9,72.09,116.25,Maize,374.7,25.12,12.18,6.02,3758.96
86.74,35.07,21.39,6.33,30.13,43.05,106.88,Maize,191.45,17.35,7.01,4.28,2942.57
110.06,50.43,17.14,7.47,34.44,46.31,252.12,Cotton,80.25,16.51,7.56,2.57,4380.19
96.78,34.28,19.71,7.21,25.39,40.62,279.29,Cotton,146.6,14.52,5.14,2.96,4330.71
80.86,41.2,21.67,6.03,28.1,63.65,193.01,Maize,203.65,12.13,6.18,3.25,2155.13
57.9,47.91,16.23,7.13,21.06,64.58,120.09,Maize,85.68,8.68,7.19,2.43,5303.29
110.19,46.59,16.83,7.02,32.34,65.76,255.25,Cotton,359.3,22.04,9.32,3.37,4097.14
75.31,55.53,38.17,7.34,29.09,81.18,118.49,Wheat,207.84,15.06,11.11,7.63,3784.41
87.75,39.39,21.35,5.6,32.08,50.72,244.96,Maize,131.52,17.55,7.88,4.27,2080.21
36.36,48.83,17.58,5.95,27.17,75.64,285.75,Soybean,380.3,10.91,14.65,5.27,2872.84
27.0,66.0,21.2,7.43,31.79,69.69,190.36,Soybean,359.84,8.1,19.8,6.36,5445.97
14.21,68.2,19.57,7.3,31.11,70.0,250.59,Soybean,441.48,2.84,13.64,3.91,5627.65
93.81,49.59,40.87,6.78,24.51,57.92,285.17,Rice,408.24,18.76,9.92,8.17,3883.12
74.98,43.73,38.59,5.95,32.43,84.34,155.12,Wheat,177.8,22.49,13.12,11.58,4537.59
82.47,45.07,20.64,7.24,18.02,57.13,298.09,Maize,122.3,12.37,6.76,3.1,2323.25
102.56,55.42,18.83,7.05,26.53,79.26,89.61,Maize,207.96,20.51,11.08,3.77,5861.31
33.76,64.45,13.73,6.85,27.53,74.68,112.21,Soybean,200.04,5.06,9.67,2.06,2261.15
67.87,32.8,38.83,7.3,22.19,87.4,97.11,Rice,110.0,10.18,4.92,5.82,4936.31
77.98,61.87,20.75,6.75,26.88,45.41,61.99,Maize,295.92,15.6,12.37,4.15,4189.13
115.22,52.34,12.55,6.82,20.4,46.86,201.41,Cotton,265.28,23.04,10.47,2.51,5139.04
120.51,51.91,14.87,5.58,24.93,86.66,101.92,Cotton,162.72,18.08,7.79,2.23,4676.09
93.52,50.25,38.64,7.45,20.28,80.66,62.52,Rice,259.9,28.06,15.07,11.59,2463.6
125.13,62.93,20.14,6.04,29.66,57.14,143.16,Cotton,217.15,37.54,18.88,6.04,3912.98
82.85,43.95,37.36,6.68,31.05,49.06,219.6,Wheat,245.6,16.57,8.79,7.47,5893.78
89.79,40.82,40.08,6.13,29.09,78.38,219.48,Wheat,229.92,17.96,8.16,8.02,4802.32
15.58,71.17,21.08,6.73,15.23,65.28,283.59,Soybean,206.1,2.34,10.68,3.16,3323.58
92.26,43.55,39.07,7.1,23.96,62.35,264.15,Wheat,130.35,18.45,8.71,7.81,2143.33
10.15,64.18,21.22,6.84,34.01,42.71,140.84,Soybean,86.2,3.04,19.25,6.37,4866.63
86.81,41.05,22.35,6.77,31.0,58.69,186.92,Maize,269.16,26.04,12.31,6.71,3636.84
133.54,49.28,25.51,5.88,21.76,42.33,239.29,Cotton,310.88,40.06,14.78,7.65,5855.42
70.67,37.75,34.62,5.85,31.3,72.88,75.89,Rice,342.1,14.13,7.55,6.92,4770.06
97.72,52.75,39.71,6.9,29.97,75.07,124.73,Rice,293.4,14.66,7.91,5.96,3381.17
81.11,39.42,26.98,6.67,33.85,73.71,227.53,Maize,296.8,24.33,11.83,8.09,3523.48
79.3,49.32,21.92,5.62,30.69,67.06,101.0,Maize,75.6,11.89,7.4,3.29,5459.37
123.36,47.89,17.05,7.41,34.52,67.61,128.16,Cotton,235.6,18.5,7.18,2.56,5645.95
83.39,63.52,23.75,7.47,16.49,76.75,290.62,Maize,205.68,25.02,19.06,7.12,4335.94
96.8,44.35,16.88,7.05,27.51,55.06,260.78,Maize,308.9,14.52,6.65,2.53,5827.95
76.26,48.89,23.01,5.93,21.64,50.92,140.2,Maize,88.7,15.25,9.78,4.6,4675.75
57.54,60.69,19.33,7.09,17.27,76.2,114.15,Maize,233.5,11.51,12.14,3.87,3185.74
16.13,59.88,14.92,5.63,28.41,83.25,243.4,Soybean,82.08,2.42,8.98,2.24,3740.95
89.7,48.16,36.06,5.86,20.04,81.08,67.61,Wheat,62.8,26.91,14.45,10.82,2067.56
64.45,44.93,44.79,5.65,33.56,79.34,76.53,Wheat,276.24,19.34,13.48,13.44,5288.49
74.66,36.4,19.07,5.79,28.55,79.75,278.54,Maize,436.0,11.2,5.46,2.86,2167.09
74.5,26.84,19.63,7.31,32.03,49.2,85.61,Maize,174.1,11.17,4.03,2.94,5409.0
77.14,53.08,45.32,5.89,26.61,57.86,287.88,Wheat,225.24,11.57,7.96,6.8,3943.44
130.87,44.26,16.05,6.13,30.71,72.04,228.05,Cotton,159.0,19.63,6.64,2.41,3781.43
110.56,48.05,39.91,5.89,29.67,76.37,206.65,Rice,329.6,22.11,9.61,7.98,2146.63
117.49,47.7,19.1,7.04,29.66,63.24,122.75,Cotton,89.1,35.25,14.31,5.73,5856.0
70.9,44.06,19.69,7.02,19.63,51.7,116.09,Maize,114.1,21.27,13.22,5.91,5922.36
14.86,62.14,20.38,5.85,28.07,72.67,141.32,Soybean,290.5,4.46,18.64,6.11,3411.59
76.85,59.46,32.05,5.96,25.29,47.51,120.2,Rice,203.2,15.37,11.89,6.41,3926.07
92.9,57.42,33.75,6.65,18.22,41.96,207.39,Rice,92.08,13.94,8.61,5.06,4397.43
75.81,44.65,35.72,7.49,32.35,81.52,92.64,Rice,308.64,15.16,8.93,7.14,4742.36
70.62,38.81,45.04,7.22,25.09,47.48,154.95,Wheat,85.4,14.12,7.76,9.01,2470.07
30.88,77.17,22.29,7.25,28.95,86.92,157.24,Soybean,123.6,9.26,23.15,6.69,4786.83
8.52,63.57,21.57,6.32,18.78,79.47,227.29,Soybean,325.52,1.7,12.71,4.31,5217.15
7.51,72.94,19.3,6.23,20.51,77.75,220.15,Soybean,124.1,1.13,10.94,2.9,5954.03
113.41,51.47,20.97,7.4,17.01,79.3,177.09,Cotton,299.28,17.01,7.72,3.15,2364.35
73.45,57.73,16.61,5.58,22.69,70.7,296.11,Maize,102.4,11.02,8.66,2.49,5402.27
87.23,52.27,38.96,6.22,28.1,44.34,293.91,Rice,167.95,26.17,15.68,11.69,4070.97
81.66,38.42,22.51,7.43,24.1,40.23,150.99,Maize,143.36,16.33,7.68,4.5,2468.04
115.62,42.4,22.89,7.04,30.15,62.94,290.31,Cotton,237.68,34.69,12.72,6.87,5154.62
13.12,56.88,15.22,7.16,19.97,73.68,73.25,Soybean,82.72,2.62,11.38,3.04,2874.26
87.11,37.46,45.05,5.98,20.31,81.75,107.3,Rice,182.2,13.07,5.62,6.76,5823.12
52.88,62.03,20.41,6.48,34.71,83.44,274.25,Maize,317.2,15.86,18.61,6.12,4102.94
116.65,42.23,20.83,6.9,24.2,40.59,222.3,Cotton,353.44,34.99,12.67,6.25,3051.4
79.44,56.3,40.21,7.0,22.3,62.54,150.15,Rice,296.04,11.92,8.44,6.03,5425.23
119.52,43.57,19.38,7.49,31.99,76.03,179.25,Cotton,274.9,35.86,13.07,5.81,2395.9
81.44,34.74,15.83,6.22,26.15,57.21,252.5,Maize,190.9,16.29,6.95,3.17,4599.46
88.75,48.93,39.33,6.07,27.63,48.38,86.21,Wheat,233.4,26.62,14.68,11.8,5628.29
20.95,70.17,18.38,6.04,23.9,58.16,265.7,Soybean,162.8,6.28,21.05,5.51,2938.51
70.61,49.13,36.98,7.37,24.46,78.55,63.46,Wheat,106.72,10.59,7.37,5.55,5726.36
25.17,54.65,23.24,5.56,28.27,56.26,265.09,Soybean,393.5,5.03,10.93,4.65,4363.32
123.27,48.12,22.68,7.11,23.84,52.99,141.45,Cotton,231.12,24.65,9.62,4.54,3876.79
137.14,53.7,13.72,6.69,30.94,49.43,187.05,Cotton,189.65,41.14,16.11,4.12,3558.89
6.89,62.81,20.13,6.33,32.07,54.48,95.6,Soybean,191.55,2.07,18.84,6.04,2077.58
86.06,41.85,40.42,6.95,19.66,64.68,87.67,Rice,350.3,25.82,12.55,12.13,2126.95
12.57,62.91,15.69,5.88,31.83,81.41,254.31,Soybean,317.52,3.77,18.87,4.71,5978.14
107.03,36.31,16.47,6.12,21.46,42.11,207.29,Cotton,270.8,32.11,10.89,4.94,5550.08
92.45,40.08,47.64,6.05,17.39,40.45,247.29,Wheat,79.3,18.49,8.02,9.53,2994.89
83.66,49.92,17.27,6.9,30.83,51.63,81.46,Maize,325.6,25.1,14.98,5.18,3432.67
125.91,42.01,19.95,5.87,21.95,53.77,233.1,Cotton,199.68,18.89,6.3,2.99,3053.4
48.48,66.81,23.61,7.05,19.78,72.91,230.25,Soybean,199.95,7.27,10.02,3.54,2616.53
71.51,47.3,45.09,5.56,17.14,41.59,97.9,Rice,81.25,14.3,9.46,9.02,3023.75
72.42,61.9,41.96,6.78,22.22,84.52,235.87,Wheat,211.04,14.48,12.38,8.39,5337.83
111.23,50.89,22.64,6.55,19.98,48.94,206.33,Cotton,83.15,22.25,10.18,4.53,4697.97
125.0,34.7,17.25,6.82,25.68,86.68,199.98,Cotton,276.6,37.5,10.41,5.17,4903.47
114.89,45.69,21.53,6.29,29.53,69.79,295.74,Cotton,256.6,17.23,6.85,3.23,3259.62
82.01,37.03,40.99,5.81,20.3,52.49,272.41,Wheat,261.1,12.3,5.55,6.15,2308.81
85.06,52.92,22.97,7.12,22.63,86.09,245.03,Maize,56.55,25.52,15.88,6.89,2906.87
29.78,71.02,19.83,6.15,28.96,73.68,88.3,Soybean,148.85,5.96,14.2,3.97,3159.13
98.45,49.4,20.22,6.3,23.69,78.1,224.47,Cotton,230.28,29.54,14.82,6.07,4463.99
23.69,57.88,16.7,6.84,23.47,56.04,137.08,Soybean,105.12,7.11,17.36,5.01,5960.64
90.35,48.12,21.79,6.96,16.72,52.15,234.9,Maize,185.52,27.1,14.44,6.54,3220.47
21.06,67.77,22.96,6.6,27.46,74.75,298.08,Soybean,181.3,4.21,13.55,4.59,2681.28
73.74,48.34,38.51,6.04,32.04,83.21,215.03,Wheat,118.0,11.06,7.25,5.78,5615.49
74.71,45.14,40.53,7.34,21.1,77.22,172.48,Wheat,113.9,22.41,13.54,12.16,5247.57
72.04,58.5,17.16,6.18,22.86,76.49,84.32,Maize,214.8,21.61,17.55,5.15,5638.94
75.53,44.92,24.04,7.3,33.19,85.45,157.52,Maize,409.2,22.66,13.48,7.21,2736.54
80.11,56.71,15.42,7.37,32.88,53.69,283.31,Maize,204.08,12.02,8.51,2.31,4422.42
120.88,52.78,19.82,7.19,24.38,49.2,212.39,Cotton,73.45,18.13,7.92,2.97,5058.16
92.59,43.49,44.03,7.41,23.79,74.39,204.26,Wheat,194.4,27.78,13.05,13.21,5297.31
107.29,44.71,38.56,7.15,15.85,65.94,298.96,Wheat,206.48,21.46,8.94,7.71,3164.72
95.13,61.09,18.25,5.61,25.34,81.49,85.56,Maize,251.68,14.27,9.16,2.74,3572.27
74.88,45.35,35.9,6.88,33.14,75.92,249.12,Wheat,150.0,14.98,9.07,7.18,4829.12
107.09,38.86,17.13,5.84,21.7,83.13,267.83,Cotton,138.48,16.06,5.83,2.57,3238.07
79.48,49.43,44.44,6.01,24.17,67.18,263.85,Wheat,158.95,11.92,7.41,6.67,3640.61
9.94,74.99,19.39,5.92,18.7,57.45,63.77,Soybean,309.6,1.99,15.0,3.88,5681.54
20.21,72.65,16.57,6.62,34.33,58.01,237.33,Soybean,300.3,6.06,21.8,4.97,5033.77
24.89,68.8,21.58,5.92,19.18,68.57,64.55,Soybean,195.84,7.47,20.64,6.47,3148.75
23.88,86.13,18.07,6.96,24.95,84.18,252.0,Soybean,273.7,3.58,12.92,2.71,5186.93
15.0,62.82,18.33,5.92,27.81,52.72,222.5,Soybean,382.1,3.0,12.56,3.67,3333.13
70.14,57.96,23.97,7.34,24.58,41.78,168.63,Maize,470.16,14.03,11.59,4.79,5135.96
14.57,61.24,21.51,6.65,21.63,79.79,279.05,Soybean,127.92,4.37,18.37,6.45,4137.09
73.31,52.58,40.47,5.67,32.54,81.47,142.9,Wheat,195.0,11.0,7.89,6.07,5653.42
59.65,60.84,25.07,6.96,25.47,47.16,243.88,Maize,507.96,8.95,9.13,3.76,5459.24
110.64,43.39,20.47,5.71,30.32,41.12,236.39,Cotton,493.44,33.19,13.02,6.14,3276.6
24.37,72.53,26.28,5.7,25.85,53.55,187.34,Soybean,295.9,4.87,14.51,5.26,5568.97
115.71,40.37,15.19,6.35,18.58,69.64,199.03,Cotton,59.4,23.14,8.07,3.04,4851.59
71.18,47.32,45.16,7.1,28.97,55.52,74.32,Rice,66.25,21.35,14.2,13.55,5582.8
111.75,47.88,19.51,5.63,17.26,82.29,169.66,Cotton,270.6,22.35,9.58,3.9,5270.21
131.59,64.81,17.88,6.33,27.42,88.69,186.99,Cotton,240.3,19.74,9.72,2.68,5920.82
112.08,53.91,21.72,6.69,21.51,62.26,74.41,Cotton,70.0,16.81,8.09,3.26,5085.37
40.75,71.96,18.94,6.77,15.0,47.46,86.68,Soybean,208.05,8.15,14.39,3.79,5509.7
86.93,56.34,42.29,6.72,25.21,82.63,261.91,Wheat,243.2,13.04,8.45,6.34,3128.84
123.67,54.08,23.27,6.59,28.25,49.41,168.72,Cotton,233.5,37.1,16.22,6.98,2046.41
96.37,52.7,39.38,7.11,32.2,74.77,273.4,Wheat,177.6,28.91,15.81,11.81,3538.86
79.51,58.1,17.39,6.59,22.34,68.41,294.56,Maize,195.04,15.9,11.62,3.48,4920.74
84.28,44.47,39.95,6.72,19.9,73.19,207.67,Wheat,283.2,16.86,8.89,7.99,2043.13
93.04,49.97,19.93,5.57,33.46,76.35,237.36,Maize,160.96,18.61,9.99,3.99,4625.28
6.02,73.19,22.05,7.07,20.04,53.76,203.95,Soybean,101.52,1.2,14.64,4.41,4636.62
44.18,65.21,20.73,6.19,16.69,86.7,86.27,Soybean,200.85,13.25,19.56,6.22,4904.0
82.86,60.04,39.59,6.3,21.03,77.62,236.54,Wheat,79.35,16.57,12.01,7.92,4121.77
83.22,52.38,40.42,6.56,22.08,70.52,261.06,Wheat,134.1,24.97,15.71,12.13,4336.71
72.43,49.99,22.95,7.49,21.27,40.42,52.64,Maize,168.6,10.86,7.5,3.44,2877.67
67.65,48.63,37.8,6.78,29.16,82.82,79.99,Rice,519.24,10.15,7.29,5.67,4641.91
92.04,36.24,18.15,5.65,30.54,56.63,145.7,Maize,156.7,13.81,5.44,2.72,3570.54
82.27,60.98,19.6,5.65,26.43,62.29,112.65,Maize,163.44,16.45,12.2,3.92,3065.75
111.31,60.07,14.97,6.96,31.25,51.29,67.52,Cotton,120.7,16.7,9.01,2.25,3211.31
92.2,49.47,17.97,6.08,19.06,88.38,188.62,Cotton,366.2,18.44,9.89,3.59,3437.04
67.72,53.18,40.59,6.69,24.78,67.03,65.75,Wheat,175.95,10.16,7.98,6.09,4884.05
73.17,37.47,42.44,5.97,16.44,64.44,233.86,Rice,287.52,10.98,5.62,6.37,4530.65
87.64,46.8,45.32,7.1,19.41,61.31,251.11,Wheat,137.0,26.29,14.04,13.6,2549.32
67.13,35.53,37.83,5.78,23.3,67.67,224.07,Wheat,113.84,10.07,5.33,5.67,5110.65
77.22,50.39,19.08,7.11,30.45,50.31,223.09,Maize,122.85,23.17,15.12,5.72,2150.48
121.86,37.04,24.14,5.97,17.35,44.78,182.55,Cotton,121.92,36.56,11.11,7.24,2212.28
78.91,56.41,40.88,7.35,16.08,50.48,141.05,Rice,77.95,11.84,8.46,6.13,2632.18
25.7,71.85,21.44,5.9,28.54,78.95,131.42,Soybean,171.28,3.85,10.78,3.22,2882.65
125.24,56.01,20.18,6.25,24.15,57.93,98.54,Cotton,162.3,18.79,8.4,3.03,2546.01
88.34,46.87,44.12,6.78,27.23,88.51,92.48,Rice,301.04,26.5,14.06,13.24,4366.32
69.68,62.87,19.67,5.94,33.55,85.69,286.56,Maize,126.0,10.45,9.43,2.95,4016.87
101.13,47.18,17.4,6.62,15.25,87.5,232.95,Cotton,184.2,15.17,7.08,2.61,4676.14
127.55,41.44,18.15,7.25,23.11,58.52,247.46,Cotton,296.08,25.51,8.29,3.63,2130.86
0.29,64.12,12.54,6.97,16.1,73.73,286.33,Soybean,326.64,0.09,19.24,3.76,3465.73
58.83,54.53,22.1,5.73,24.57,69.01,284.79,Maize,220.2,11.77,10.91,4.42,3069.43
25.36,60.22,19.9,6.44,25.64,84.97,256.34,Soybean,390.3,5.07,12.04,3.98,5535.92
79.85,38.43,44.31,6.89,24.93,66.03,268.75,Rice,196.6,23.95,11.53,13.29,3386.8
30.25,65.87,20.13,6.32,21.86,56.32,211.51,Soybean,162.8,9.07,19.76,6.04,2686.95
80.25,32.09,19.06,7.41,27.37,66.77,90.2,Maize,239.4,16.05,6.42,3.81,2645.02
71.76,39.67,39.04,6.91,28.31,47.4,294.51,Rice,206.16,14.35,7.93,7.81,3997.67
138.68,50.95,17.75,7.44,30.08,73.34,298.52,Cotton,206.8,41.6,15.29,5.33,2160.32
84.6,59.65,22.51,5.61,27.83,51.11,195.86,Maize,132.4,12.69,8.95,3.38,4708.25
118.46,41.49,21.77,7.21,22.39,54.23,143.21,Cotton,75.9,23.69,8.3,4.35,5970.39
84.58,54.65,41.74,6.7,17.87,89.42,125.81,Rice,392.4,12.69,8.2,6.26,2353.79
92.4,43.35,43.76,7.16,20.79,81.14,172.65,Rice,169.7,27.72,13.01,13.13,5164.88
80.12,65.06,17.76,6.48,28.76,45.97,111.19,Maize,196.8,16.02,13.01,3.55,3744.27
39.55,69.04,18.03,5.54,20.19,47.31,195.41,Soybean,427.8,11.86,20.71,5.41,4544.99
74.12,45.05,41.12,5.87,16.89,67.19,238.16,Rice,368.3,22.24,13.51,12.34,4137.68
123.85,42.02,19.48,7.32,17.05,51.06,88.64,Cotton,175.28,37.15,12.61,5.84,2524.93
43.95,80.62,21.4,6.18,29.2,80.73,57.19,Soybean,440.76,8.79,16.12,4.28,5924.44
80.34,48.53,41.68,5.57,28.2,63.45,198.29,Wheat,134.96,12.05,7.28,6.25,5129.48
67.7,45.55,34.95,6.99,20.55,57.61,194.94,Wheat,181.08,13.54,9.11,6.99,5052.98
84.65,52.69,38.44,7.2,24.49,49.26,224.53,Rice,337.76,12.7,7.9,5.77,4057.0
98.65,37.9,35.55,6.22,20.77,44.11,230.53,Rice,136.75,29.59,11.37,10.66,5904.72
82.57,55.85,44.84,7.1,33.78,40.64,141.86,Wheat,330.56,24.77,16.75,13.45,2476.87
72.28,57.08,19.68,6.18,26.9,46.14,297.67,Maize,220.65,21.68,17.12,5.9,5025.21
18.88,74.23,22.07,7.04,17.16,64.86,112.67,Soybean,237.12,2.83,11.13,3.31,3992.54
3.68,78.72,24.33,7.02,28.22,64.61,179.99,Soybean,318.1,0.74,15.74,4.87,3374.46
110.49,49.15,21.13,7.21,23.85,48.84,59.0,Cotton,257.5,22.1,9.83,4.23,4862.89
23.57,63.37,17.97,6.51,22.83,88.54,173.67,Soybean,399.0,7.07,19.01,5.39,2512.79
79.59,56.84,41.47,7.48,23.24,52.21,64.11,Wheat,249.9,15.92,11.37,8.29,3219.65
16.74,73.38,11.22,6.03,28.92,89.29,197.0,Soybean,207.75,5.02,22.01,3.37,4700.45
91.49,34.5,18.72,6.37,24.94,79.36,261.83,Maize,272.64,27.45,10.35,5.62,5218.41
64.38,38.07,23.2,6.63,25.62,57.37,156.78,Maize,195.7,12.88,7.61,4.64,3253.41
15.68,70.16,19.9,6.65,19.26,77.11,290.53,Soybean,200.95,3.14,14.03,3.98,3457.1
83.46,49.06,16.02,7.32,27.68,53.35,261.49,Maize,481.32,25.04,14.72,4.81,2454.23
129.36,42.61,14.63,7.31,19.04,41.46,118.18,Cotton,247.7,25.87,8.52,2.93,5855.15
72.64,60.46,22.29,7.3,23.14,72.87,140.86,Maize,484.2,10.9,9.07,3.34,2482.57
16.97,64.9,19.05,7.11,21.59,59.5,196.08,Soybean,171.36,5.09,19.47,5.71,5879.69
102.58,51.5,21.05,6.45,19.93,79.21,119.43,Maize,145.5,20.52,10.3,4.21,5867.22
31.91,69.35,19.25,6.78,29.01,74.26,275.79,Soybean,281.52,9.57,20.8,5.77,2361.0
75.41,47.87,19.68,7.03,23.13,83.32,58.47,Maize,203.9,22.62,14.36,5.9,5507.04
126.23,46.62,21.88,7.13,29.76,41.37,163.32,Cotton,372.84,25.25,9.32,4.38,3602.65
78.93,48.2,33.98,6.87,30.85,63.92,129.85,Rice,396.4,11.84,7.23,5.1,2794.65
90.81,50.32,42.81,6.79,27.53,88.71,276.71,Wheat,507.72,13.62,7.55,6.42,2597.0
84.09,61.59,19.12,6.93,18.81,79.11,265.48,Cotton,70.75,25.23,18.48,5.74,5980.83
91.0,40.11,21.59,5.97,24.02,69.15,112.08,Maize,353.28,13.65,6.02,3.24,4747.41
9.34,62.82,25.98,6.17,19.7,89.84,277.06,Soybean,96.48,1.4,9.42,3.9,5910.1
77.62,49.3,42.44,7.36,32.56,55.87,82.98,Rice,331.56,23.29,14.79,12.73,5486.72
83.68,49.64,20.86,6.37,18.3,64.56,234.22,Maize,140.45,12.55,7.45,3.13,2143.45
145.72,45.82,20.2,6.92,24.7,82.29,173.25,Cotton,179.84,43.72,13.75,6.06,2673.18
92.41,56.31,43.37,6.64,23.33,78.41,69.21,Wheat,284.1,13.86,8.45,6.51,3494.23
85.39,39.28,24.59,5.51,34.4,87.54,214.04,Maize,369.6,12.81,5.89,3.69,5192.59
66.23,49.97,37.64,7.04,22.98,50.41,55.13,Rice,92.0,19.87,14.99,11.29,3194.19
79.13,50.18,40.82,6.53,24.79,63.82,271.35,Wheat,195.6,11.87,7.53,6.12,3736.42
122.68,58.1,21.0,6.79,16.68,43.96,167.05,Cotton,284.5,18.4,8.71,3.15,2994.61
76.98,55.2,43.38,6.33,24.29,80.64,230.08,Wheat,222.96,15.4,11.04,8.68,2718.21
7.46,72.06,22.22,7.01,24.0,57.07,251.96,Soybean,424.08,1.12,10.81,3.33,5486.46
114.31,56.35,19.08,6.31,28.15,76.3,236.06,Cotton,261.1,22.86,11.27,3.82,5218.56
81.39,46.21,39.92,6.8,27.99,71.3,158.95,Wheat,207.84,12.21,6.93,5.99,3687.52
66.82,36.2,44.57,6.67,19.03,81.69,192.36,Wheat,320.72,10.02,5.43,6.69,5394.47
107.92,38.95,12.73,6.68,27.23,80.83,219.67,Cotton,216.08,21.58,7.79,2.55,2254.04
110.34,36.52,24.77,6.08,18.84,51.61,135.96,Cotton,107.3,22.07,7.3,4.95,2524.63
91.93,42.14,46.51,6.06,29.99,46.45,216.76,Rice,158.8,13.79,6.32,6.98,2837.73
31.38,65.08,12.3,5.63,23.61,46.03,204.39,Soybean,111.2,9.41,19.52,3.69,4228.09
144.41,36.03,14.34,7.43,30.12,79.08,293.66,Cotton,303.68,28.88,7.21,2.87,2472.24
129.66,64.17,23.95,5.7,27.94,46.89,133.65,Cotton,178.2,38.9,19.25,7.18,5236.58
86.61,52.28,42.39,7.01,23.43,80.09,107.05,Rice,76.55,25.98,15.68,12.72,3447.1
86.83,50.69,20.1,7.46,18.29,77.96,65.37,Maize,252.24,17.37,10.14,4.02,4641.45
77.01,42.4,18.96,6.06,25.56,75.01,280.11,Maize,123.36,15.4,8.48,3.79,4789.88
59.71,46.8,36.95,6.28,29.38,66.02,269.97,Wheat,345.72,8.96,7.02,5.54,5028.19
64.57,49.88,23.88,7.47,17.21,58.65,64.99,Maize,354.3,9.69,7.48,3.58,3191.84
88.73,35.86,16.88,7.07,29.3,75.72,218.11,Maize,239.52,13.31,5.38,2.53,5114.2
91.1,39.82,39.21,5.76,19.3,73.84,69.52,Wheat,124.35,27.33,11.95,11.76,4756.07
124.17,39.12,19.89,6.91,32.27,50.63,79.51,Cotton,174.36,24.83,7.82,3.98,3634.48
61.82,43.62,20.73,6.11,24.72,47.11,247.8,Maize,357.52,18.55,13.09,6.22,4958.64
3.5,70.87,19.99,6.4,21.76,81.72,144.33,Soybean,250.08,0.53,10.63,3.0,4668.88
86.48,49.35,43.89,6.18,15.92,62.15,217.61,Rice,332.08,12.97,7.4,6.58,5086.38
22.11,64.29,20.43,5.61,26.4,63.79,97.35,Soybean,241.52,4.42,12.86,4.09,5147.03
26.63,67.91,20.18,6.68,24.83,57.0,283.46,Soybean,169.76,5.33,13.58,4.04,5919.14
69.37,43.13,15.67,6.86,16.18,49.07,290.28,Maize,433.3,20.81,12.94,4.7,3296.87
39.7,58.12,17.9,6.52,25.09,53.46,287.34,Soybean,91.4,5.96,8.72,2.68,5654.94
71.33,54.65,39.0,6.31,16.68,50.17,208.95,Rice,206.6,14.27,10.93,7.8,3695.01
94.76,42.26,40.69,7.34,20.47,74.0,112.72,Wheat,145.32,18.95,8.45,8.14,4956.73
67.78,65.62,16.3,5.92,25.1,84.2,250.51,Maize,407.4,13.56,13.12,3.26,3366.52
24.11,72.34,21.33,7.3,28.45,84.76,153.29,Soybean,133.4,4.82,14.47,4.27,4154.6
75.55,47.4,19.92,7.18,31.24,46.24,295.95,Maize,282.48,22.66,14.22,5.98,3124.54
116.06,53.32,26.57,5.57,24.86,70.3,226.01,Cotton,219.3,17.41,8.0,3.99,2681.91
14.71,57.17,19.78,5.63,20.19,51.4,192.48,Soybean,144.9,2.21,8.58,2.97,4131.77
108.59,42.0,24.61,7.49,20.48,63.33,220.04,Maize,201.12,21.72,8.4,4.92,3795.45
137.28,42.17,21.36,7.33,18.94,43.14,132.31,Cotton,348.16,41.18,12.65,6.41,4505.19
97.22,45.4,19.19,5.97,16.46,61.93,199.99,Maize,140.95,19.44,9.08,3.84,3253.12
70.81,40.31,17.88,6.36,17.04,42.61,63.95,Maize,156.9,10.62,6.05,2.68,4398.3
65.3,47.85,37.6,6.16,18.85,69.76,75.67,Wheat,310.68,13.06,9.57,7.52,3684.03
82.68,35.29,40.85,6.37,34.19,55.56,238.59,Rice,250.92,12.4,5.29,6.13,3475.32
29.78,52.45,21.21,6.34,18.91,85.43,100.09,Soybean,400.5,4.47,7.87,3.18,4399.05
92.43,38.75,24.71,6.41,30.78,50.97,60.55,Maize,188.16,18.49,7.75,4.94,3922.98
84.88,42.01,39.71,5.51,15.2,67.73,139.47,Rice,194.55,12.73,6.3,5.96,2796.49
86.55,48.18,41.46,5.54,31.86,41.05,277.66,Rice,81.25,17.31,9.64,8.29,2840.95
68.92,48.92,35.7,7.35,30.9,58.91,97.92,Wheat,75.3,13.78,9.78,7.14,4349.3
19.55,60.7,17.77,7.27,19.18,63.53,70.35,Soybean,351.12,2.93,9.11,2.67,3497.06
132.15,54.26,21.49,6.3,33.42,41.83,196.0,Cotton,232.68,39.65,16.28,6.45,3700.09
66.87,45.08,43.45,6.54,19.6,65.61,60.29,Wheat,101.65,20.06,13.52,13.04,3268.08
81.58,65.9,41.03,6.5,25.93,53.82,69.54,Wheat,162.48,12.24,9.88,6.15,2786.59
22.83,65.2,20.46,7.5,30.05,85.62,234.96,Soybean,449.3,6.85,19.56,6.14,4319.82
78.07,53.17,42.69,7.0,24.49,79.3,178.96,Rice,89.7,23.42,15.95,12.81,3715.17
70.52,37.06,34.45,5.76,33.87,80.52,52.42,Rice,302.1,10.58,5.56,5.17,5051.37
85.95,38.86,33.52,7.49,26.36,85.69,249.79,Rice,221.0,25.79,11.66,10.06,3545.74
84.52,67.27,39.85,6.61,15.64,64.43,222.26,Rice,109.2,25.36,20.18,11.96,4097.58
89.88,48.23,39.58,5.76,23.37,59.45,235.79,Rice,535.68,13.48,7.23,5.94,4838.69
128.46,44.11,20.41,5.51,17.85,59.96,65.99,Cotton,196.4,25.69,8.82,4.08,2156.34
24.23,62.48,23.13,7.2,23.3,70.89,94.89,Soybean,194.1,4.85,12.5,4.63,4794.58
77.8,41.61,41.45,6.32,30.24,58.44,80.31,Rice,418.1,23.34,12.48,12.44,2178.54
107.32,46.45,19.53,6.29,15.21,85.86,78.67,Cotton,199.75,32.2,13.94,5.86,2969.17
32.51,71.13,19.97,6.09,25.69,43.88,147.71,Soybean,135.2,4.88,10.67,3.0,2137.78
87.53,59.58,21.43,6.7,15.97,50.09,144.35,Maize,306.48,13.13,8.94,3.21,3348.47
80.01,37.22,36.73,6.53,31.31,71.34,130.67,Rice,57.7,24.0,11.17,11.02,3293.47
76.25,42.76,39.32,6.06,27.48,84.27,60.98,Wheat,165.15,11.44,6.41,5.9,5836.14
80.57,51.76,39.66,7.27,21.36,64.11,262.89,Rice,161.2,24.17,15.53,11.9,4349.87
123.43,46.71,13.3,6.74,16.2,54.83,143.63,Cotton,438.0,24.69,9.34,2.66,3774.9
106.85,45.18,15.73,6.08,15.47,56.56,261.73,Cotton,261.44,21.37,9.04,3.15,2889.78
87.04,59.67,43.47,5.6,34.84,46.28,284.57,Wheat,520.56,13.06,8.95,6.52,3245.85
18.44,78.82,20.51,6.77,20.44,44.0,245.32,Soybean,128.45,5.53,23.65,6.15,4437.58
113.85,41.73,18.6,7.02,33.43,47.64,198.8,Cotton,398.9,34.15,12.52,5.58,4248.57
75.26,48.93,40.34,6.5,29.51,86.28,172.86,Wheat,104.5,22.58,14.68,12.1,3635.15
117.81,49.45,23.33,7.04,30.03,75.46,137.14,Cotton,435.0,23.56,9.89,4.67,2987.17
89.11,36.55,12.28,7.39,17.95,68.92,111.85,Maize,374.28,13.37,5.48,1.84,5667.53
91.03,36.78,39.21,6.01,21.04,72.92,291.92,Rice,390.4,18.21,7.36,7.84,2437.1
63.78,34.01,21.38,5.84,24.83,78.69,74.22,Maize,51.1,12.76,6.8,4.28,3498.61
28.97,63.18,12.02,5.87,16.18,77.96,95.68,Soybean,192.5,8.69,18.95,3.61,4545.73
14.83,70.51,15.47,6.47,30.21,53.3,52.38,Soybean,145.76,2.22,10.58,2.32,4080.3
79.95,48.32,21.49,6.19,21.3,58.06,109.9,Maize,270.96,23.98,14.5,6.45,5482.17
79.19,40.65,23.31,7.0,19.97,74.31,162.98,Maize,216.45,15.84,8.13,4.66,2066.52
19.03,67.33,17.16,6.98,30.88,86.95,137.08,Soybean,134.8,3.81,13.47,3.43,3175.45
112.61,39.74,19.01,6.1,28.46,83.74,187.19,Cotton,189.45,16.89,5.96,2.85,2846.56
98.21,37.45,15.05,7.03,19.41,63.82,114.41,Maize,332.72,19.64,7.49,3.01,3967.84
134.88,44.7,17.44,6.99,29.5,79.25,213.48,Cotton,209.3,20.23,6.71,2.62,2445.53
90.19,43.59,25.16,6.13,22.6,55.54,234.23,Maize,173.52,27.06,13.08,7.55,5190.07
87.97,43.73,46.23,6.42,17.89,81.86,285.72,Wheat,144.2,13.2,6.56,6.93,5396.51
14.19,73.16,20.98,7.16,24.9,58.84,226.04,Soybean,267.4,2.13,10.97,3.15,5737.73
132.91,57.72,19.66,7.13,33.25,41.08,89.8,Cotton,102.35,26.58,11.54,3.93,3564.25
70.91,51.21,37.87,7.08,32.32,86.73,63.53,Rice,255.84,14.18,10.24,7.57,5588.87
42.55,68.57,18.92,7.07,32.17,89.14,144.14,Soybean,162.84,6.38,10.29,2.84,2209.89
82.09,36.94,37.0,6.29,21.05,48.62,199.04,Wheat,113.28,24.63,11.08,11.1,4529.33
94.2,42.39,36.78,6.65,26.45,77.27,118.43,Rice,129.72,28.26,12.72,11.03,3193.45
86.29,56.95,41.99,7.13,30.67,43.2,182.52,Wheat,190.24,12.94,8.54,6.3,4396.41
31.54,61.81,15.64,5.82,26.25,41.75,262.86,Soybean,172.2,9.46,18.54,4.69,4632.64
135.23,43.87,18.76,6.48,21.26,89.84,277.7,Cotton,178.68,27.05,8.77,3.75,2752.29
93.63,52.9,21.13,6.96,23.44,53.03,187.46,Maize,236.52,28.09,15.87,6.34,5760.8
44.2,62.67,22.93,7.14,27.1,47.67,154.92,Soybean,165.05,13.26,18.8,6.88,3080.5
78.44,50.59,24.28,5.79,30.96,44.9,118.41,Maize,446.76,23.53,15.18,7.28,4913.31
83.83,52.75,22.94,6.71,32.93,87.33,92.69,Maize,293.0,16.77,10.55,4.59,5528.08
75.54,40.95,36.79,6.97,16.06,88.72,231.35,Rice,279.12,15.11,8.19,7.36,3755.84
56.45,63.82,36.62,7.22,33.95,55.64,151.63,Rice,165.44,8.47,9.57,5.49,2229.65
18.35,65.44,21.0,5.77,24.96,73.84,221.28,Soybean,341.12,5.5,19.63,6.3,2029.16
127.26,52.56,17.71,6.85,32.64,51.25,180.88,Cotton,525.12,25.45,10.51,3.54,3516.38
75.76,50.7,19.06,6.03,15.04,59.68,207.79,Maize,215.28,22.73,15.21,5.72,2023.56
96.97,52.37,21.95,6.36,18.95,84.93,182.27,Maize,51.55,14.55,7.86,3.29,3882.79
125.48,54.87,20.13,6.38,17.8,40.29,236.77,Cotton,395.64,18.82,8.23,3.02,3684.22
64.43,50.74,37.95,6.6,31.0,56.24,228.58,Wheat,123.7,12.89,10.15,7.59,3555.39
73.59,52.21,43.52,5.97,28.57,88.82,135.54,Wheat,184.3,22.08,15.66,13.06,3715.81
80.14,50.02,44.89,6.36,24.48,45.15,245.68,Rice,399.84,12.02,7.5,6.73,2594.9
82.76,68.13,41.54,5.68,16.02,55.32,151.82,Wheat,378.96,12.41,10.22,6.23,3708.29
58.9,53.53,40.99,5.6,15.82,77.24,63.03,Rice,105.95,17.67,16.06,12.3,3009.05
95.26,52.9,39.46,6.98,22.23,66.44,244.7,Rice,215.9,14.29,7.93,5.92,4518.23
103.53,44.7,16.86,5.65,25.93,76.27,135.72,Cotton,508.68,20.71,8.94,3.37,3672.85
111.02,50.57,24.85,5.73,23.72,66.19,170.71,Cotton,256.4,16.65,7.59,3.73,2181.78
25.02,58.49,21.43,7.44,18.31,59.21,237.68,Soybean,202.3,5.0,11.7,4.29,4287.59
33.71,62.92,19.63,7.2,20.93,45.96,117.13,Soybean,228.72,10.11,18.88,5.89,2531.89
77.94,42.15,21.7,7.44,21.49,84.2,286.61,Maize,385.68,23.38,12.64,6.51,4503.82
78.45,50.89,37.25,7.46,30.56,45.32,245.13,Wheat,144.05,15.69,10.18,7.45,4203.51
112.68,51.55,18.38,6.95,22.37,44.68,275.54,Cotton,217.32,16.9,7.73,2.76,4590.26
100.48,44.42,40.53,5.99,33.18,45.01,292.6,Rice,100.16,20.1,8.88,8.11,5306.25
91.01,36.37,34.68,6.7,30.85,79.58,52.35,Rice,428.5,18.2,7.27,6.94,4251.4
4.23,77.1,18.34,6.75,17.46,45.14,256.23,Soybean,171.1,0.63,11.56,2.75,3708.54
147.52,42.09,20.15,5.72,17.03,57.87,288.96,Cotton,127.44,44.26,12.63,6.04,2604.41
37.45,82.73,26.44,6.2,17.08,73.09,279.06,Soybean,308.88,5.62,12.41,3.97,2586.36
94.29,55.67,41.62,7.42,20.57,89.74,72.61,Wheat,151.1,28.29,16.7,12.49,5891.4
41.3,60.45,21.0,5.41,24.97,48.74,114.98,Soybean,143.97,12.62,21.28,7.01,2219.58
67.23,34.32,38.63,7.44,24.36,70.28,183.8,Rice,135.87,11.82,5.64,5.97,4252.94
79.28,43.33,18.29,5.36,33.08,74.87,236.0,Maize,143.16,18.05,11.26,3.96,3950.09
20.74,62.85,23.93,6.82,26.42,95.09,141.65,Soybean,118.96,4.87,14.08,4.07,4652.94
74.48,35.15,34.88,6.38,18.7,47.07,221.86,Wheat,128.47,28.08,10.03,9.51,4828.28
66.51,32.57,50.53,7.37,19.38,72.25,193.71,Wheat,354.39,10.53,5.37,6.51,5638.8
63.4,51.13,39.59,6.29,23.99,47.73,234.73,Rice,389.49,20.61,19.6,11.53,2810.35
82.91,40.39,20.21,5.19,23.76,69.95,125.84,Maize,384.32,13.97,6.26,3.53,4599.25
86.2,51.6,43.38,5.79,23.0,53.49,239.88,Rice,505.65,14.69,8.24,6.58,4283.66
89.46,38.22,18.86,8.06,28.58,79.53,249.79,Maize,209.3,14.23,4.88,2.8,5603.73
21.23,66.59,22.58,7.76,26.71,74.12,106.31,Soybean,217.7,5.2,11.34,4.79,4701.81
99.09,42.89,11.89,7.36,27.0,84.08,251.24,Cotton,225.34,22.84,7.82,2.4,2059.73
29.86,74.38,20.46,7.05,31.2,79.95,176.28,Soybean,119.21,8.23,22.54,7.3,4756.77
85.67,44.07,20.17,6.4,27.03,76.58,104.68,Maize,392.79,12.06,6.39,3.28,4172.79
13.87,70.22,22.32,6.78,20.23,69.6,306.22,Soybean,129.12,4.81,17.19,6.31,3848.87
113.27,50.47,17.37,6.99,19.44,46.01,302.93,Cotton,213.06,18.29,7.97,3.09,4512.29
99.89,48.65,37.87,6.12,30.53,46.69,306.22,Rice,187.67,22.27,13.52,12.05,4568.5
81.11,37.41,35.0,7.59,25.11,70.23,117.79,Rice,141.5,28.87,12.77,10.35,3607.09
22.91,61.87,18.62,6.4,25.71,62.43,138.38,Soybean,110.51,6.59,18.27,4.7,6351.23
50.03,62.27,39.38,6.14,35.34,51.59,131.21,Rice,144.15,7.4,9.15,6.22,2342.41
100.53,60.24,25.01,6.16,27.14,79.49,76.88,Maize,205.43,12.94,7.21,3.43,5879.41
134.42,48.91,24.16,5.84,22.71,96.77,118.92,Cotton,199.91,18.13,6.33,3.35,2294.04
57.7,51.36,44.14,6.48,24.97,60.31,65.98,Wheat,181.02,8.94,8.81,6.15,5384.75
68.47,36.65,42.34,5.98,29.03,83.91,54.4,Wheat,163.1,10.72,7.18,5.22,6634.38
15.83,63.18,18.39,6.54,22.12,67.58,294.49,Soybean,221.36,3.0,15.41,4.23,3122.28
137.98,43.58,19.89,6.82,19.44,48.72,90.17,Cotton,181.62,33.82,12.21,5.03,2506.41
75.97,55.2,27.39,5.46,19.92,75.46,282.09,Maize,81.77,15.51,10.42,4.82,2258.27
8.71,72.27,19.63,5.76,20.25,79.74,219.55,Soybean,287.36,1.88,12.48,4.76,5832.39
62.17,51.66,38.95,6.73,15.24,71.15,277.8,Wheat,269.23,9.02,7.69,7.06,2417.91
25.74,60.31,21.5,5.56,16.39,75.44,69.16,Soybean,171.03,7.26,20.06,5.63,3005.94
132.88,36.44,15.76,6.98,27.2,76.3,170.35,Cotton,306.75,36.39,9.76,4.63,4559.49
37.68,76.8,17.04,6.03,22.33,63.38,221.12,Soybean,112.12,10.17,23.64,6.44,5847.59
94.17,56.64,25.4,6.05,24.3,79.96,136.98,Cotton,127.99,23.24,10.7,4.72,4559.5
88.94,46.62,45.09,6.61,21.57,73.84,171.46,Rice,89.53,22.63,16.59,13.59,3162.76
19.96,72.55,23.49,7.34,13.58,54.66,113.64,Soybean,203.82,5.29,23.45,6.87,3312.19
70.56,42.5,24.98,6.82,21.9,67.89,180.11,Maize,204.48,16.53,7.87,4.96,1880.05
73.05,32.72,24.84,5.72,26.9,62.22,171.99,Maize,185.73,14.45,7.08,4.95,3622.0
114.05,49.69,19.7,7.15,15.74,47.56,180.78,Cotton,307.81,18.5,8.31,3.03,2546.63
120.19,43.38,19.72,6.7,26.84,56.95,135.41,Cotton,166.94,22.34,8.63,4.57,3844.03
100.81,51.49,17.37,6.16,21.71,84.82,164.61,Cotton,385.33,17.11,9.43,4.04,3221.03
116.38,63.11,19.51,6.12,28.04,89.5,94.72,Maize,234.7,22.12,11.24,3.41,5788.51
113.36,57.05,44.05,7.04,24.98,75.97,229.6,Wheat,239.45,18.32,10.53,7.92,2555.75
87.14,51.78,42.83,5.67,25.64,75.0,74.03,Wheat,308.08,15.77,9.12,7.2,3602.27
86.05,50.53,36.71,5.3,35.93,42.7,255.06,Rice,76.1,16.78,10.85,9.52,2453.08
90.83,48.01,44.62,6.59,21.31,40.92,116.11,Wheat,177.4,14.12,9.44,8.63,4632.23
136.65,58.02,14.51,6.19,23.3,88.78,115.69,Cotton,176.41,17.95,7.78,2.03,4803.93
96.66,38.61,48.3,6.28,19.82,64.27,122.88,Wheat,212.19,26.5,10.47,12.37,2671.15
118.09,56.03,19.38,7.78,20.27,49.17,57.52,Cotton,270.1,23.7,10.86,4.13,4575.39
66.13,35.3,33.25,6.76,20.67,83.13,86.2,Rice,102.38,10.23,4.58,6.04,4909.46
119.49,59.45,20.98,6.75,25.95,43.33,228.89,Cotton,78.5,20.1,7.38,3.24,4595.7
114.88,53.43,20.67,5.95,28.99,86.99,70.28,Maize,356.52,22.31,12.93,4.2,2248.2
66.27,29.78,17.61,8.01,32.48,42.58,97.6,Maize,164.17,10.47,4.48,3.09,5890.42
12.35,55.67,27.38,7.96,24.09,49.75,141.22,Soybean,374.28,2.01,10.88,4.31,4276.31
60.13,44.01,51.24,4.9,32.29,82.71,86.73,Wheat,240.4,19.45,12.18,15.34,4674.98
108.84,38.1,21.77,5.41,17.78,45.04,166.36,Cotton,137.48,31.83,10.88,7.67,2184.42
83.45,46.04,39.01,5.55,24.41,82.18,154.45,Wheat,208.89,23.65,17.46,11.89,3813.45
75.43,43.69,23.91,5.64,25.75,72.08,184.18,Maize,263.2,16.05,7.65,4.87,5749.27
118.78,50.77,16.52,7.84,27.62,43.26,158.73,Cotton,213.81,19.28,7.16,2.68,2851.44
83.87,35.13,45.89,6.14,15.81,71.88,222.15,Rice,281.27,10.01,6.13,6.05,5027.02
87.34,53.3,40.77,7.85,25.24,54.25,63.23,Wheat,214.06,14.97,11.38,7.19,3211.05
111.04,46.42,19.0,6.19,16.22,85.11,198.81,Cotton,157.01,17.1,6.96,2.65,4332.28
82.5,42.24,16.66,7.33,31.78,78.54,136.86,Maize,144.62,14.17,6.57,2.75,5099.16
69.32,31.94,21.65,4.99,23.31,76.59,73.31,Maize,48.73,12.43,7.27,4.77,3101.34
97.94,43.47,41.03,5.49,33.37,41.57,302.06,Rice,106.06,21.32,8.01,8.11,5166.1
133.37,54.64,24.56,6.09,27.02,52.92,149.79,Cotton,238.84,27.29,10.12,4.41,4325.28
30.51,69.62,21.88,6.67,17.85,46.45,124.98,Soybean,226.41,8.82,18.24,6.43,2837.06
39.54,47.78,20.29,4.77,17.77,94.95,242.17,Soybean,364.69,11.19,17.15,6.57,5203.45
39.41,67.19,30.89,7.05,31.39,66.77,236.31,Soybean,152.72,5.97,9.88,3.81,2556.72
124.15,49.31,12.23,6.59,21.39,45.32,192.16,Cotton,282.21,22.25,10.75,2.27,5292.86
85.42,47.69,48.41,6.8,30.05,40.56,196.47,Rice,150.44,12.84,5.73,7.39,2598.27
59.82,37.1,25.9,5.76,27.75,56.71,171.91,Maize,214.74,13.38,8.43,5.04,3184.1
84.81,52.63,37.63,6.51,34.56,70.16,149.18,Rice,455.58,10.92,6.23,4.96,2484.51
94.62,47.41,47.09,8.2,19.99,78.44,62.02,Wheat,147.24,27.46,16.15,10.88,6135.87
33.35,81.4,18.58,6.7,26.5,89.0,81.43,Soybean,505.01,8.3,22.08,5.5,6028.08
65.79,50.06,22.68,6.69,22.49,53.12,121.46,Maize,100.64,13.24,10.32,3.94,4214.86
117.99,41.45,14.65,8.08,39.29,67.38,129.54,Cotton,230.18,16.19,7.41,2.85,6294.53
126.21,41.94,26.14,5.97,19.83,43.11,192.6,Cotton,108.31,34.89,10.89,7.01,2324.65
133.29,61.67,22.85,5.77,27.28,45.12,147.01,Cotton,217.97,40.42,15.37,6.56,1882.19
40.1,69.6,29.48,6.46,28.24,83.35,260.76,Soybean,127.34,5.43,10.66,4.02,2294.47
84.56,58.95,40.31,6.97,21.42,74.7,176.79,Rice,90.72,25.81,18.29,14.31,3571.91
123.94,53.67,43.72,5.84,31.06,80.66,210.34,Rice,330.6,23.68,9.65,8.86,2084.02
117.57,46.59,21.12,7.23,25.39,96.68,209.05,Cotton,229.87,39.22,16.26,5.55,4497.64
20.3,66.48,21.79,6.35,18.05,59.38,103.22,Soybean,226.54,2.49,11.08,3.73,3441.64
83.51,37.26,21.23,7.14,32.71,36.68,109.76,Maize,201.47,18.72,6.05,4.47,2701.35
92.15,54.74,20.25,6.67,20.38,53.87,132.84,Cotton,224.09,29.86,13.87,6.63,6007.49
59.47,30.66,37.88,7.45,23.2,88.88,88.68,Rice,103.15,9.67,4.62,5.02,5139.33
115.33,51.76,21.57,6.53,22.89,50.67,220.01,Cotton,68.56,16.18,7.48,3.28,4434.47
44.2,60.25,20.55,7.0,15.12,97.85,82.97,Soybean,210.61,14.25,21.05,6.37,5498.89
106.37,31.6,15.06,6.7,36.75,61.83,266.05,Cotton,109.64,24.87,7.14,3.09,4491.94
128.54,48.38,22.38,6.73,20.2,43.12,210.99,Cotton,398.39,19.95,8.01,3.07,4173.48
10.63,64.8,18.69,7.46,29.97,42.25,144.09,Soybean,77.73,3.1,18.07,7.21,5331.99
129.63,65.03,22.54,5.84,18.09,39.27,154.02,Cotton,248.35,20.59,9.48,2.83,2591.94
4.5,67.66,17.86,8.19,26.67,75.47,182.62,Soybean,147.37,0.81,10.89,2.9,3766.7
84.45,52.54,43.9,6.33,15.59,45.18,263.45,Wheat,435.22,25.8,15.61,11.09,2164.37
63.41,53.46,23.7,7.03,25.76,43.16,227.64,Maize,579.38,8.31,8.62,4.14,4722.59
76.32,52.82,19.27,7.32,24.03,89.63,56.77,Maize,196.5,25.44,13.29,6.51,5480.64
59.66,46.38,19.15,6.27,24.0,55.4,156.85,Maize,55.85,11.28,9.31,4.66,2844.76
90.59,51.8,41.07,6.14,16.5,64.43,252.58,Rice,135.22,13.48,6.35,4.7,6163.54
22.7,48.26,17.37,5.53,23.56,59.84,161.67,Soybean,209.08,7.92,18.4,4.45,4915.42
136.0,59.04,21.35,6.39,32.27,46.08,170.96,Cotton,214.31,40.63,18.31,6.13,2015.75
17.23,69.7,24.79,6.59,16.03,68.03,106.99,Soybean,240.49,3.03,10.62,3.22,3544.06
74.48,63.58,39.3,4.89,16.35,39.86,109.47,Rice,131.6,13.3,8.79,4.82,6377.55
24.73,65.93,24.28,6.1,25.35,80.89,223.18,Soybean,389.93,4.47,12.81,4.95,5010.94
21.11,56.2,19.72,7.68,21.04,68.86,71.54,Soybean,309.29,2.6,10.42,2.81,3860.99
70.53,56.55,33.56,6.31,35.31,38.24,285.04,Rice,339.54,9.22,7.19,5.77,3485.35
76.32,51.3,43.79,6.66,20.17,88.49,119.47,Rice,447.18,10.98,9.16,6.4,2398.93
10.25,70.67,21.35,6.0,20.61,62.62,56.64,Soybean,320.23,2.04,13.89,4.18,4968.51
16.69,73.68,13.63,6.73,31.06,56.96,44.78,Soybean,141.48,2.37,11.47,2.05,3468.29
84.06,48.25,39.13,5.76,29.11,89.18,125.41,Wheat,193.83,9.81,6.9,6.67,6462.08
140.24,39.72,17.85,7.77,33.89,86.68,218.78,Cotton,221.44,21.45,7.22,2.91,2445.5
25.7,62.89,22.07,8.09,33.0,75.6,311.81,Soybean,243.51,6.02,15.4,4.05,4340.78
20.21,70.64,22.73,7.23,23.68,79.0,297.91,Soybean,164.44,4.46,13.78,4.4,3012.15
40.81,58.25,19.51,6.21,33.73,64.92,285.3,Soybean,221.45,12.33,18.3,4.98,4545.41
14.8,67.26,22.13,7.91,27.52,77.28,165.18,Soybean,458.05,5.81,16.51,5.83,3582.25
101.16,52.2,17.91,7.01,26.44,80.32,212.16,Cotton,263.45,24.08,11.58,3.42,4705.19
150.82,45.76,19.93,6.56,18.56,37.71,136.11,Cotton,394.21,36.54,14.07,7.32,4068.84
73.44,47.42,52.27,6.42,26.8,83.6,234.48,Wheat,72.28,26.65,13.28,13.6,5059.33
83.1,52.04,39.68,6.74,23.17,48.89,184.74,Rice,207.27,13.64,7.28,5.96,4179.39
85.45,36.62,40.99,6.31,29.13,51.73,169.44,Wheat,92.35,17.63,9.01,8.88,5376.54
76.68,53.69,40.38,6.56,17.22,53.79,178.58,Wheat,181.93,14.4,8.77,5.45,2595.75
70.76,48.72,31.43,6.15,33.56,40.4,278.29,Rice,308.42,10.9,7.9,5.69,4036.73
87.79,55.72,48.43,5.65,18.83,65.68,132.09,Wheat,110.15,24.26,16.08,13.98,5974.39
88.51,36.48,15.8,6.43,32.65,58.85,145.26,Maize,141.71,15.7,6.08,2.84,3527.31
120.08,62.0,18.79,6.37,31.5,93.36,166.53,Cotton,239.13,19.26,9.31,2.76,6055.09
73.82,40.57,35.86,6.81,30.55,70.98,84.99,Rice,274.43,14.89,8.44,8.02,4117.69
25.55,79.92,17.93,5.19,27.78,59.74,193.7,Soybean,433.86,8.27,21.47,4.74,5474.37
33.06,64.7,20.16,6.8,21.73,47.5,127.97,Soybean,199.04,11.12,17.05,6.28,2739.0
74.05,53.67,41.26,6.3,23.44,75.9,65.46,Wheat,116.84,9.06,7.89,5.06,5095.76
76.05,37.52,37.37,5.61,21.51,48.36,78.14,Wheat,93.91,25.23,13.07,11.56,4479.62
82.5,54.68,31.14,6.79,24.48,49.96,106.88,Rice,189.13,13.98,12.9,7.2,3773.23
76.81,53.81,51.11,6.36,23.76,60.32,301.5,Wheat,250.33,12.56,7.42,7.64,3467.28
99.25,37.62,41.67,7.01,17.83,62.97,133.56,Wheat,79.7,26.8,11.62,10.17,4044.14
81.16,60.05,21.23,7.05,27.89,42.78,64.56,Maize,278.86,15.49,13.46,4.75,4732.66
115.98,52.42,15.96,8.23,36.21,44.41,267.02,Cotton,74.2,18.7,7.1,2.78,4239.75
56.74,46.37,37.31,6.92,17.28,64.65,65.59,Wheat,306.14,14.51,9.66,7.45,3585.35
116.97,49.78,20.67,7.49,22.56,81.36,125.36,Cotton,113.45,20.26,9.56,4.05,5385.04
27.33,66.13,23.04,6.47,30.7,87.86,140.6,Soybean,192.75,3.4,9.92,3.46,2687.64
69.7,51.62,44.23,6.92,28.88,42.93,266.4,Wheat,283.51,14.17,10.34,9.1,4825.85
64.59,53.47,33.87,6.99,15.81,44.48,237.41,Rice,189.49,13.68,10.73,8.92,4036.28
32.62,92.89,23.98,5.47,19.4,68.65,242.24,Soybean,338.65,5.7,10.84,4.51,2390.03
36.2,80.79,21.49,5.98,25.56,38.82,134.96,Soybean,132.99,5.02,11.31,2.72,2103.92
113.84,47.38,17.87,6.14,18.03,82.31,218.61,Cotton,226.36,27.02,9.8,4.26,4363.55
91.04,55.65,17.94,6.75,19.86,79.74,84.66,Maize,134.95,17.2,12.0,3.6,2902.81
78.69,52.69,48.47,5.09,32.1,48.26,267.49,Wheat,496.03,13.78,7.68,6.89,3066.78
77.06,58.19,35.09,5.86,24.64,47.08,196.27,Rice,344.96,25.82,18.22,10.14,4909.79
69.94,61.07,34.0,5.56,25.3,44.05,242.46,Rice,309.14,26.04,22.25,10.07,5003.97
87.0,41.04,39.24,7.45,24.07,79.61,239.41,Wheat,93.96,20.7,12.83,12.17,4987.61
33.6,84.41,20.81,5.98,26.15,57.66,203.08,Soybean,120.88,10.78,22.04,6.57,5399.19
82.71,51.08,40.44,7.74,22.16,75.57,173.05,Wheat,120.76,24.8,13.21,11.46,5935.09
126.34,46.63,18.84,7.72,21.44,44.43,210.82,Cotton,346.05,31.48,13.46,6.32,3175.28
83.06,46.97,35.29,6.36,26.1,50.07,148.68,Wheat,168.9,17.99,8.52,6.95,4550.38
16.88,69.74,11.29,6.24,33.0,100.61,210.45,Soybean,188.9,5.48,19.94,2.95,4610.55
25.3,63.06,17.8,6.31,29.36,45.08,194.96,Soybean,159.29,3.98,13.86,4.33,4403.48
87.99,45.75,44.11,5.42,26.92,63.5,234.95,Wheat,65.5,28.39,13.71,13.27,5590.49
102.97,53.48,36.76,5.16,19.4,89.86,69.98,Wheat,63.11,25.17,14.52,11.95,2182.42
4.07,80.12,24.44,7.56,26.37,72.84,170.16,Soybean,279.89,0.63,17.93,4.69,3478.95
105.1,56.16,22.48,6.34,22.08,42.12,196.79,Cotton,87.38,21.6,9.56,4.7,4211.53
15.23,72.57,18.05,6.18,15.76,61.88,244.48,Soybean,177.31,2.3,11.69,3.53,2911.5
61.53,56.15,40.88,5.88,32.29,51.32,233.95,Rice,373.37,8.67,7.47,5.13,3823.25
33.29,46.28,18.93,5.6,31.11,80.58,297.99,Soybean,368.18,11.26,14.41,5.65,2638.7
81.1,44.95,37.63,5.44,17.89,63.08,234.17,Rice,143.21,15.74,6.41,5.99,5892.37
96.18,44.03,47.47,6.63,27.55,94.49,310.74,Wheat,504.76,11.86,7.66,6.26,2891.3
75.39,46.03,16.28,5.71,14.8,40.2,70.14,Maize,133.81,9.27,5.82,2.94,3747.98
83.06,56.68,19.54,5.75,21.17,90.27,180.1,Maize,51.05,15.01,7.69,2.82,4213.02
88.5,34.63,35.63,7.38,22.9,82.78,225.75,Rice,162.88,10.92,5.95,4.99,5205.73
36.39,84.54,16.59,7.25,23.75,75.66,90.73,Soybean,501.72,10.76,19.06,5.72,6493.1
96.8,44.56,17.42,7.71,20.72,66.83,71.02,Maize,224.18,15.07,11.19,3.49,4323.51
93.48,44.39,35.75,6.4,27.61,53.31,208.96,Rice,170.77,11.87,5.97,5.64,2464.82
84.72,41.63,42.09,6.42,19.48,53.58,277.08,Wheat,140.34,28.01,12.46,14.01,2587.83
59.1,41.21,20.67,6.84,28.18,44.58,243.6,Maize,338.29,16.84,12.34,7.11,4826.41
78.33,69.57,37.6,6.38,30.54,39.52,209.39,Rice,328.38,22.87,22.36,10.86,4652.39
79.64,44.09,38.08,6.33,26.22,41.56,327.88,Rice,202.72,13.5,8.45,7.48,3719.18
84.71,47.62,26.55,6.41,34.16,47.42,113.43,Maize,419.14,23.15,16.21,7.7,5631.69
88.15,59.96,41.59,6.86,25.45,80.07,258.61,Wheat,208.7,12.84,7.93,7.16,2776.48
79.49,55.23,43.74,6.81,21.75,94.29,227.06,Rice,212.83,22.57,15.19,11.03,3546.51
135.54,51.47,19.81,6.92,23.19,80.61,161.04,Cotton,159.83,46.9,14.34,5.73,2770.63
110.52,61.28,24.69,4.96,23.07,79.64,218.22,Cotton,204.77,19.66,6.86,4.23,2863.2
65.82,41.27,14.38,7.09,17.4,65.08,67.66,Maize,167.02,23.72,15.6,4.91,6075.43
66.89,35.78,18.71,6.0,17.17,48.65,55.62,Maize,135.24,10.93,6.72,2.99,4331.06
115.69,51.51,15.96,7.73,33.47,52.41,67.54,Cotton,121.21,17.23,9.37,2.27,3290.82
71.39,46.29,43.03,5.74,30.72,55.14,241.16,Rice,167.02,19.38,15.57,13.02,5174.9
76.95,34.46,20.65,6.47,30.17,84.39,260.47,Maize,379.86,11.74,5.97,3.01,2165.29
12.57,62.78,26.75,7.44,28.35,44.06,248.18,Soybean,173.87,2.31,9.42,3.88,4667.35
85.39,45.78,48.88,5.9,17.51,69.82,217.18,Rice,301.86,14.71,6.75,6.8,4663.83
84.58,63.72,16.59,6.36,26.68,73.87,80.47,Maize,221.3,12.84,10.32,3.0,3415.87
65.28,37.26,37.74,5.64,25.38,69.35,251.93,Rice,233.73,19.86,11.67,12.77,2117.89
93.12,52.16,36.8,7.55,24.32,80.9,272.17,Wheat,226.27,14.65,8.79,6.76,2900.89
85.91,45.28,31.89,6.54,16.73,43.23,184.27,Rice,311.34,13.35,9.77,7.89,2020.82
71.51,56.05,16.21,6.23,19.83,91.53,338.77,Maize,317.02,13.51,11.23,3.42,4918.99
18.44,70.02,21.02,7.09,21.83,40.62,266.41,Soybean,120.74,4.76,24.61,6.81,4230.93
109.82,52.43,18.86,7.87,25.82,82.35,92.41,Maize,186.9,23.34,12.25,4.18,5697.38
141.21,46.21,15.4,7.83,39.13,66.3,133.24,Cotton,225.12,18.17,6.25,2.62,5811.32
144.9,56.87,20.95,7.49,32.73,37.44,89.47,Cotton,105.0,26.52,10.47,3.89,3292.46
74.42,51.16,56.67,5.82,26.94,75.77,271.37,Wheat,85.49,29.15,13.75,14.83,4890.37
119.43,39.47,14.93,5.69,15.87,64.46,231.07,Cotton,241.7,24.5,8.74,3.37,3049.92
84.34,40.12,22.35,6.59,25.99,48.54,97.48,Maize,205.35,14.91,6.21,4.45,3294.82
143.09,58.99,19.52,6.92,26.6,86.2,212.07,Cotton,265.54,18.49,11.04,2.32,5298.97
84.63,30.09,20.89,6.81,31.07,49.74,98.01,Maize,190.72,11.73,3.58,3.17,4938.73
79.01,50.01,38.14,6.41,25.0,83.83,323.25,Rice,218.41,23.29,11.67,11.6,2302.69
165.35,44.57,17.71,5.37,14.48,65.12,329.1,Cotton,118.81,41.87,13.63,6.59,2514.64
85.14,43.31,20.34,5.36,33.0,74.69,190.44,Maize,207.52,12.53,6.69,3.05,4648.81
67.86,41.56,38.05,8.35,30.77,46.92,98.2,Wheat,176.54,25.15,11.87,10.93,5385.82
73.41,42.79,17.74,7.16,18.84,60.95,71.17,Maize,140.67,23.9,12.81,5.52,5350.36
75.21,59.63,38.62,5.94,18.52,52.92,190.66,Wheat,207.72,10.94,8.5,5.85,2707.13
61.83,50.27,19.15,7.11,29.34,46.27,323.27,Maize,249.33,22.57,18.67,5.84,4816.66
126.88,42.2,21.33,5.85,17.36,41.68,46.0,Cotton,133.65,25.28,9.25,4.47,4768.82
20.23,76.15,15.31,5.38,16.61,98.61,67.82,Soybean,314.47,3.79,15.37,3.1,4723.69
102.8,57.15,19.28,5.44,22.46,62.39,120.69,Cotton,58.42,17.86,6.47,3.68,2999.92
103.6,40.7,22.02,7.99,27.97,61.09,276.13,Cotton,212.82,37.8,13.51,6.23,4948.52
53.98,62.28,35.42,6.52,38.59,53.22,132.09,Rice,173.67,7.75,8.77,5.87,2229.84
24.55,70.13,17.0,6.7,36.85,69.45,232.22,Soybean,121.18,7.76,17.14,6.37,4578.35
114.79,56.23,22.92,7.26,19.03,55.41,231.06,Cotton,90.73,22.31,8.84,4.37,4619.67
63.67,57.4,27.2,6.82,29.04,42.11,240.38,Maize,499.22,8.91,9.89,3.63,5366.1
96.77,50.72,42.4,5.65,30.57,85.27,228.26,Rice,315.76,19.3,9.4,7.84,2255.25
76.42,35.51,23.49,7.36,20.87,42.85,130.04,Maize,149.85,17.92,7.49,3.92,2300.46
73.25,35.44,21.38,6.89,31.47,56.96,81.41,Maize,242.39,16.67,5.95,4.15,2749.86
89.86,52.74,33.44,6.84,29.48,50.13,279.66,Rice,155.19,25.85,16.28,11.89,4367.3
82.02,52.09,14.5,5.41,26.83,92.27,126.66,Maize,222.33,16.95,9.64,2.43,1996.03
18.68,64.39,20.5,6.08,16.4,62.84,124.72,Soybean,232.57,2.54,12.62,3.57,3715.0
91.32,39.68,32.33,6.66,19.23,38.49,229.89,Rice,122.15,34.02,11.79,10.44,5529.47
88.58,49.47,46.68,8.04,23.98,88.97,169.31,Rice,77.73,23.69,13.9,14.48,4012.03
90.98,60.37,18.67,6.85,25.52,55.42,190.11,Maize,220.09,28.03,17.47,5.7,5375.32
45.11,54.3,22.29,6.31,31.77,74.19,312.59,Maize,343.03,17.84,20.59,6.46,3551.91
86.45,47.53,45.3,5.97,22.42,56.54,86.08,Rice,250.19,10.77,6.08,7.04,2247.42
70.56,33.06,35.23,4.99,27.31,76.58,70.21,Rice,342.39,12.62,7.42,6.58,4801.3
67.23,49.36,36.39,5.45,14.49,68.28,222.81,Rice,385.54,21.18,14.51,12.52,4078.54
82.53,53.59,39.32,5.04,25.56,71.85,245.04,Rice,186.23,18.44,10.66,8.55,2312.72
73.19,61.8,45.78,7.11,18.05,54.56,121.12,Rice,84.54,10.76,7.41,6.32,2282.44
136.81,59.25,20.52,6.68,21.97,57.96,94.73,Cotton,172.02,18.29,7.49,3.18,2564.85
78.1,33.98,47.43,5.89,16.98,62.64,216.73,Rice,281.56,9.99,5.52,6.2,4434.04
88.66,34.34,20.0,5.83,22.51,53.47,257.46,Maize,120.59,27.07,10.62,5.87,2072.97
92.77,39.9,50.38,6.46,19.9,75.99,246.58,Wheat,157.31,12.86,6.13,6.48,5367.84
31.09,76.45,16.82,7.08,35.87,77.58,190.65,Soybean,141.81,4.73,11.22,3.18,4879.59
63.72,60.22,16.45,6.54,17.11,85.04,117.28,Maize,199.25,11.22,10.88,4.06,3385.29
85.54,40.94,47.03,5.92,20.24,72.36,257.53,Wheat,135.73,11.56,5.58,6.83,5941.88
79.94,39.41,26.85,5.45,29.89,90.21,220.34,Maize,319.69,13.21,6.43,3.31,4437.1
114.09,39.5,16.79,4.77,20.25,53.54,139.22,Maize,155.71,30.87,11.78,5.92,2277.68
106.95,39.23,20.86,6.52,21.54,38.93,239.57,Cotton,476.84,18.28,5.88,3.01,4095.11
27.51,65.31,13.84,5.6,23.75,52.46,233.53,Soybean,124.68,8.44,18.74,3.82,3796.06
91.88,64.57,18.81,5.76,27.01,81.84,91.85,Maize,222.03,14.3,9.81,3.14,3710.67
95.58,41.46,43.24,7.97,27.25,62.96,230.69,Wheat,127.8,16.75,7.9,8.44,1992.6
96.42,59.18,23.51,4.82,26.64,75.91,85.0,Maize,179.75,11.62,8.99,3.57,5206.34
76.52,46.8,15.57,5.94,32.16,44.7,75.66,Maize,313.82,28.19,15.5,5.04,3880.03
103.51,42.86,16.76,8.28,35.62,79.59,181.91,Cotton,280.62,34.6,14.08,5.47,2462.73
34.27,69.38,24.59,6.45,21.26,78.07,208.44,Soybean,133.88,4.98,12.35,3.67,5303.68
100.2,40.67,15.16,6.76,15.11,63.4,276.75,Cotton,249.96,19.01,9.51,3.16,3081.48
20.69,76.29,18.62,7.3,32.3,57.5,232.31,Soybean,286.39,6.28,18.78,4.5,5533.99
107.11,61.18,19.69,6.85,25.59,38.48,151.89,Cotton,287.17,17.14,8.78,3.2,6044.31
95.17,61.54,19.28,5.66,27.85,77.77,90.88,Maize,421.52,22.22,12.11,3.98,2288.93
66.96,33.35,37.71,7.71,24.09,77.84,105.71,Rice,108.68,8.7,4.6,5.71,5134.45
122.48,40.32,21.22,5.44,30.36,80.46,216.46,Cotton,52.81,38.1,11.65,5.91,5920.31
89.87,40.47,42.8,6.42,22.5,63.69,174.18,Rice,147.88,14.81,7.48,5.11,2506.16
84.57,48.98,43.25,6.45,28.22,60.29,183.24,Rice,188.65,12.11,8.01,5.62,4537.28
74.06,48.43,23.97,7.12,26.21,100.39,218.28,Maize,123.1,14.13,7.73,4.75,5973.46
55.75,50.48,20.94,5.5,27.17,47.96,152.02,Maize,60.14,11.54,10.04,3.72,2742.38
14.76,81.45,18.77,6.28,17.08,62.27,310.63,Soybean,194.65,2.33,10.61,3.13,3000.31
17.3,51.74,25.25,7.71,31.39,64.8,108.73,Soybean,157.76,6.1,15.78,6.97,5381.9
83.72,51.61,40.96,6.42,36.47,70.99,158.85,Wheat,222.38,10.19,8.74,6.15,5771.25
79.33,44.79,46.61,6.46,25.68,83.04,191.07,Wheat,213.38,24.08,12.97,13.35,4771.49
88.54,38.03,20.11,6.78,31.35,66.67,237.7,Maize,181.71,11.47,6.48,2.75,4043.88
142.13,41.78,19.92,6.43,20.67,51.0,212.55,Cotton,327.76,28.78,9.41,3.69,2029.23
83.17,23.14,22.07,6.45,31.96,56.26,76.9,Maize,191.49,10.49,4.38,2.53,6166.58
68.91,49.14,25.79,6.78,28.27,97.57,165.48,Maize,429.04,20.87,11.85,7.37,2780.61
46.98,55.01,21.14,5.66,39.84,94.0,297.58,Maize,333.9,17.18,18.93,6.39,3504.14
81.36,54.54,42.73,6.03,19.27,101.38,144.11,Rice,355.8,14.22,8.63,6.51,2070.98
65.06,53.64,32.08,6.03,20.29,41.7,178.83,Rice,469.2,11.13,6.28,5.08,3362.59
83.34,56.28,19.79,4.88,27.58,70.8,112.97,Maize,77.8,11.62,7.28,3.05,5991.88
77.09,40.68,18.46,8.24,19.08,54.62,70.0,Maize,172.4,19.77,12.75,4.86,6131.34
79.53,48.59,36.97,5.47,16.34,68.42,70.62,Wheat,181.71,12.63,6.48,6.47,4899.13
110.52,47.06,37.99,6.86,37.77,51.71,276.84,Rice,95.24,18.95,7.6,8.31,5622.77
124.06,52.85,15.27,5.66,31.92,40.45,232.4,Cotton,95.03,34.37,14.82,5.75,2978.01
30.33,64.33,18.19,6.83,32.89,73.82,85.78,Soybean,148.58,6.79,15.35,3.96,3005.33
58.62,45.71,41.04,6.35,22.0,54.0,154.27,Wheat,168.38,12.64,11.51,9.83,3948.45
76.07,58.19,42.0,7.84,28.76,46.72,203.05,Wheat,210.53,13.06,7.91,6.63,4452.56
80.88,45.3,16.48,6.59,36.11,62.29,222.43,Maize,223.33,10.78,6.04,2.83,4499.72
95.85,47.24,46.12,7.17,17.18,94.14,134.12,Rice,450.98,14.16,8.96,6.02,2164.06
142.4,45.67,18.0,6.55,25.1,65.8,233.54,Cotton,255.14,26.57,7.17,4.09,2425.96
70.8,51.69,42.56,7.49,18.93,77.53,182.34,Wheat,98.31,21.24,14.04,10.54,4498.03
80.07,55.32,26.52,5.0,29.62,48.35,108.21,Maize,405.19,20.78,16.19,6.53,5429.12
94.41,53.18,21.62,7.54,23.44,49.49,179.45,Maize,254.21,32.01,13.84,5.49,6516.99
81.15,36.1,23.04,7.12,21.41,69.23,162.94,Maize,238.84,17.73,7.56,4.96,1818.53
71.89,54.47,34.8,6.25,15.12,48.8,60.99,Wheat,471.86,24.19,16.47,11.56,6254.37
45.33,73.34,19.03,6.91,16.93,46.34,75.1,Soybean,222.22,8.35,12.93,3.99,4903.86
82.58,55.22,35.72,5.89,26.04,50.95,108.35,Rice,227.09,13.97,12.3,5.62,3798.32
110.24,57.59,20.24,8.07,26.75,87.35,97.35,Maize,204.05,23.17,11.52,3.53,6104.77
95.6,60.5,36.66,6.59,14.9,55.24,250.55,Rice,101.45,21.84,17.9,13.71,3870.43
74.44,41.49,34.01,7.93,26.17,52.3,295.08,Rice,214.26,16.3,8.03,8.31,4065.71
77.83,50.38,48.34,6.77,27.16,78.03,138.01,Wheat,188.08,21.68,13.63,12.92,4073.35
113.15,43.41,12.38,7.41,23.42,71.58,246.87,Cotton,202.46,18.44,7.96,2.48,2169.28
78.74,41.33,17.05,6.7,22.14,91.8,49.85,Maize,201.28,22.96,16.03,5.2,6040.09
84.29,47.99,41.58,7.0,15.83,68.22,222.26,Rice,360.14,13.98,7.35,5.68,4795.78
82.32,57.07,44.4,6.49,17.83,87.08,140.18,Rice,354.55,11.09,9.28,5.81,2603.3
60.0,51.1,20.32,6.44,18.8,64.96,274.06,Maize,136.49,9.3,8.43,3.33,2611.53
109.37,35.37,13.37,6.56,22.03,65.79,99.42,Maize,329.57,20.22,6.44,2.81,3411.71
120.08,57.38,26.15,5.13,21.76,60.15,209.68,Cotton,206.78,17.32,7.58,4.4,2519.12
103.98,43.41,22.78,6.59,21.76,73.76,209.25,Cotton,235.01,28.33,15.96,5.63,4723.14
13.99,58.7,19.51,5.92,22.27,51.74,186.64,Soybean,155.56,2.02,7.32,3.22,4530.46
76.51,38.07,16.63,7.37,27.06,82.41,192.54,Maize,210.83,14.14,4.62,2.81,4559.8
83.39,47.35,36.21,7.38,22.09,69.99,91.68,Rice,298.79,23.79,13.76,11.07,1961.61
24.85,58.37,19.49,6.66,19.65,80.83,113.9,Soybean,308.68,4.52,7.18,3.11,2666.18
94.76,71.35,27.04,7.61,14.68,86.27,274.94,Maize,201.23,22.75,19.78,7.51,3848.72
81.84,50.65,19.03,7.03,15.53,53.56,134.84,Maize,346.35,14.58,8.23,3.48,3457.53
128.13,28.46,13.27,6.44,30.14,57.66,253.8,Cotton,105.02,23.15,5.94,2.97,4526.92
115.44,40.11,20.98,7.2,14.58,46.89,55.69,Cotton,114.12,21.88,10.15,4.33,5556.38
112.1,54.75,14.23,7.82,35.77,45.66,61.4,Cotton,114.56,14.29,8.02,2.38,2845.46
116.23,38.4,15.11,5.79,32.34,73.71,213.65,Cotton,142.67,17.71,7.16,2.06,3847.01
25.26,69.33,19.96,4.95,27.89,68.13,111.33,Soybean,205.62,4.17,12.96,3.87,4546.43
24.21,71.23,19.58,6.91,24.83,79.31,180.4,Soybean,449.45,8.08,16.22,5.59,2447.09
65.22,69.08,34.73,5.16,23.54,46.95,218.76,Rice,165.77,9.82,8.42,6.69,5935.24
26.39,66.08,22.96,6.17,21.19,53.54,181.46,Soybean,172.24,7.9,17.92,6.53,2962.18
99.55,35.71,21.45,6.75,22.75,78.87,224.15,Maize,284.09,30.42,11.73,6.34,5032.76
17.82,62.35,26.01,8.27,30.79,68.51,97.09,Soybean,194.73,5.29,18.92,7.45,6269.48
132.3,50.9,19.19,7.22,30.17,70.33,191.94,Cotton,208.65,21.82,7.38,2.5,2733.24
65.98,42.22,37.85,5.61,32.55,46.24,112.9,Wheat,196.16,22.6,12.48,10.56,2177.72
33.35,88.04,23.94,6.9,27.42,75.62,161.35,Soybean,111.57,8.05,23.69,6.4,4464.38
50.55,62.28,20.43,6.19,18.85,87.7,88.43,Soybean,178.77,11.45,21.18,6.35,5287.55
59.76,47.86,35.95,6.37,30.31,53.25,179.14,Wheat,211.59,12.56,9.78,7.69,3163.61
130.57,47.05,19.33,6.76,36.12,61.11,124.94,Cotton,210.27,19.29,6.93,2.91,5357.96
64.63,40.85,20.34,6.24,28.83,90.6,290.13,Maize,459.17,11.28,5.92,2.56,2096.84
95.37,40.28,45.68,7.58,22.48,79.03,221.41,Wheat,325.19,17.14,8.01,7.55,1996.85
102.41,37.12,21.21,8.13,23.5,58.9,151.41,Cotton,75.52,22.01,7.94,3.91,5950.93
80.65,37.56,35.47,7.21,26.88,46.82,132.27,Wheat,106.77,15.79,8.83,8.17,6075.59
16.72,62.4,20.58,6.84,20.56,87.03,305.49,Soybean,119.79,4.05,19.27,6.29,4714.72
100.09,42.87,15.1,5.94,22.53,65.37,332.34,Cotton,243.68,14.97,5.69,2.71,6014.95
80.68,41.15,43.29,6.07,15.28,45.3,106.01,Rice,78.88,12.16,9.45,9.7,3317.0
28.85,52.95,17.0,6.26,27.08,88.55,237.1,Soybean,350.62,5.82,10.88,3.98,6114.56
136.63,48.46,19.31,7.23,27.39,41.56,219.14,Cotton,93.88,34.82,14.16,5.26,3463.99
3.85,69.14,20.43,6.63,15.32,41.26,273.03,Soybean,167.7,0.61,9.95,2.75,3768.81
75.47,41.53,43.74,6.24,16.93,36.13,57.33,Rice,141.41,29.01,14.32,11.33,5167.31
93.39,43.32,41.5,5.83,24.25,75.6,107.35,Rice,142.5,26.76,11.72,10.24,3197.69
106.4,40.53,24.48,6.31,25.33,46.34,195.46,Maize,335.96,20.29,8.37,5.1,2784.18
131.96,45.42,19.91,5.27,16.69,64.34,59.58,Cotton,192.38,22.25,8.86,4.09,1929.63
68.31,30.07,23.34,6.6,26.38,71.54,79.74,Maize,47.32,11.8,6.98,3.73,3001.42
93.93,61.72,33.36,6.15,19.58,62.34,186.41,Wheat,134.1,32.19,16.58,10.61,3314.08
91.84,34.49,16.23,5.38,34.8,58.8,146.1,Maize,159.15,14.86,5.08,2.49,3594.04
20.9,50.47,16.34,5.62,24.16,61.41,144.86,Soybean,371.82,5.14,17.82,5.33,3003.96
127.73,46.78,17.61,5.54,18.63,43.67,201.84,Cotton,351.27,17.04,8.26,3.47,3852.9
100.14,49.79,18.6,6.9,14.36,51.87,248.28,Maize,196.39,26.43,14.72,6.83,3075.78
103.91,39.29,23.64,5.88,27.07,51.89,68.12,Maize,160.35,16.05,7.58,4.79,3551.92
137.01,54.24,18.38,7.84,32.58,45.72,154.27,Cotton,546.86,26.43,10.68,4.06,3761.43
72.69,64.48,18.99,7.97,19.8,65.09,154.83,Maize,497.63,12.04,8.68,2.95,2423.64
89.51,47.59,44.98,7.01,20.5,58.32,226.83,Wheat,285.02,13.18,6.59,5.8,5184.15
10.76,81.82,19.57,6.41,20.8,58.52,54.71,Soybean,280.51,1.95,15.22,4.09,5865.13
87.12,58.71,22.2,5.53,26.86,66.41,106.86,Maize,179.03,16.88,11.29,3.57,2918.95
81.11,47.11,37.45,4.9,32.02,61.05,215.59,Wheat,119.51,12.99,8.21,6.17,5374.84
112.47,32.3,28.46,5.3,16.6,44.47,148.72,Cotton,104.9,21.07,7.76,4.75,2777.05
76.6,49.18,49.06,7.1,22.5,86.93,270.62,Rice,230.03,21.54,13.31,14.13,3912.38
106.71,44.06,20.39,7.37,18.71,56.99,140.67,Cotton,242.21,34.37,15.02,6.92,5294.41
86.38,35.06,22.46,7.05,17.24,78.89,184.17,Maize,186.24,13.95,8.38,5.18,1830.83
21.32,60.27,17.78,5.54,28.95,53.96,141.72,Soybean,197.15,7.06,16.77,4.46,5278.79
139.63,41.25,22.05,6.39,21.57,84.99,105.21,Cotton,187.81,19.51,6.19,3.36,2598.1
27.36,66.86,21.18,7.39,32.91,63.38,184.93,Soybean,320.41,8.09,17.83,5.65,6152.82
76.25,36.35,35.21,5.36,20.65,59.31,240.39,Wheat,282.3,12.75,5.72,6.23,2371.36
100.77,41.22,44.73,4.91,22.87,52.56,229.27,Rice,585.46,14.84,6.35,6.37,5506.31
70.83,68.46,16.74,5.79,37.34,95.34,254.41,Maize,130.97,10.75,8.92,2.91,3711.95
77.62,67.23,21.13,5.88,16.4,46.58,145.74,Maize,328.04,12.61,7.65,2.83,3344.67
79.75,50.47,32.84,5.88,36.53,67.7,250.13,Wheat,163.82,16.14,8.68,8.23,4485.15
87.79,47.87,22.23,6.38,19.33,70.58,243.59,Maize,133.55,11.76,7.54,2.68,1873.24
19.3,73.0,23.19,7.73,18.79,71.49,127.37,Soybean,246.36,2.42,11.27,2.9,3425.26
79.4,35.88,35.95,7.03,34.24,49.54,256.34,Rice,273.88,11.92,5.53,6.54,3172.61
39.17,77.45,22.83,7.09,28.87,92.29,49.89,Soybean,397.68,9.03,17.06,4.08,6269.03
93.33,49.09,17.31,6.56,13.42,60.84,300.87,Cotton,234.98,23.64,9.55,3.17,3176.09
131.31,66.06,18.71,5.48,23.88,96.91,203.97,Cotton,270.77,17.11,8.35,2.42,6784.87
9.61,48.67,22.65,7.5,25.01,55.58,320.81,Soybean,399.8,2.9,18.08,6.45,3814.8
71.19,51.37,18.98,5.75,17.41,63.43,144.76,Maize,275.28,8.73,6.52,3.3,5730.52
79.77,41.48,34.46,7.95,19.74,75.65,190.29,Wheat,121.25,20.2,11.93,11.2,5058.5
81.35,42.41,47.17,6.05,17.21,60.15,212.06,Rice,321.44,23.32,13.3,12.14,4085.11
4.71,72.01,16.17,7.61,19.6,43.25,257.17,Soybean,151.2,0.59,11.96,3.0,4152.73
70.08,48.02,43.13,4.74,27.63,66.07,198.48,Wheat,118.56,13.68,8.33,6.34,5822.07
3.53,68.65,18.92,6.61,20.38,82.81,129.62,Soybean,258.36,0.6,11.18,2.62,4613.81
85.15,45.93,36.26,6.22,28.69,85.52,133.31,Rice,274.94,15.92,7.1,5.14,3273.64
87.61,43.2,21.43,5.46,39.09,99.26,189.36,Maize,390.74,12.94,5.68,3.51,5380.82
95.22,51.25,21.82,6.69,31.07,78.31,103.03,Maize,250.3,15.03,10.3,4.0,5545.89
74.08,60.73,38.74,6.98,16.61,65.87,113.95,Wheat,109.06,27.17,18.22,14.1,5195.15
79.06,52.57,43.54,7.26,19.63,51.82,199.06,Wheat,203.51,12.94,8.67,5.67,2735.19
101.16,44.66,15.48,5.94,16.14,91.83,205.4,Cotton,177.37,15.95,7.68,2.63,4802.16
113.48,49.15,37.45,6.4,30.21,47.17,231.59,Wheat,92.13,13.28,7.5,5.58,3878.19
88.92,46.46,37.38,7.05,25.56,74.91,106.35,Rice,127.8,26.44,11.95,10.64,3514.94
85.64,39.03,15.84,6.52,24.73,52.18,272.74,Maize,217.58,18.45,7.71,3.17,4103.97
79.37,51.34,43.06,5.37,24.92,41.73,243.91,Rice,475.25,20.27,15.65,10.06,2330.19
108.54,56.2,36.75,6.76,30.15,73.55,259.74,Wheat,246.55,20.58,12.12,8.49,3060.82
111.74,51.25,18.82,7.44,22.53,55.29,87.88,Maize,167.72,22.96,10.14,3.91,5011.32
59.5,55.71,42.38,7.05,25.03,62.14,66.03,Wheat,151.3,8.64,6.97,6.57,5007.97
80.26,48.55,16.07,6.73,17.8,82.58,333.76,Maize,227.81,14.92,8.01,3.41,1897.95
132.47,32.34,18.28,6.76,22.05,67.04,111.3,Cotton,146.31,30.43,8.78,6.03,3773.24
118.27,37.32,17.6,4.99,24.24,88.86,247.34,Cotton,138.64,16.76,6.66,2.23,3309.92
120.94,32.0,18.99,7.83,15.79,67.46,224.56,Cotton,98.17,23.2,7.91,4.16,5282.49
79.54,44.42,42.28,6.26,19.39,83.69,305.81,Wheat,131.24,15.14,7.15,7.45,5872.58
98.57,44.02,16.35,6.21,31.41,53.16,166.11,Cotton,233.7,19.24,10.58,3.4,5889.71
112.47,49.26,24.35,6.56,24.24,83.47,120.95,Cotton,142.49,23.25,11.86,4.61,5201.04
77.03,50.78,25.54,6.44,33.27,38.89,133.99,Maize,431.63,21.77,13.66,6.95,5269.73
17.54,80.42,22.55,7.36,23.37,47.56,266.42,Soybean,145.12,5.94,26.08,6.09,4290.84
133.22,41.57,18.6,6.74,20.33,84.77,286.31,Cotton,195.77,24.0,9.71,4.2,3121.13
87.81,70.13,41.41,6.0,17.19,62.2,137.24,Wheat,325.77,12.87,9.97,6.34,3629.66
145.45,56.59,24.1,5.72,22.56,62.78,212.99,Cotton,122.55,36.32,17.05,6.06,4394.4
79.55,48.48,15.66,6.57,19.0,83.31,278.51,Maize,289.78,14.29,8.88,3.42,5919.08
134.93,60.39,27.42,4.91,28.64,41.94,122.82,Cotton,166.13,35.43,18.92,6.23,5988.28
115.16,48.49,26.09,6.72,32.13,61.36,313.56,Cotton,231.71,32.25,11.97,6.39,5204.48
19.92,65.99,19.08,7.55,14.28,56.37,129.14,Soybean,180.82,6.19,19.8,6.83,3332.78
70.6,56.61,43.03,7.8,19.86,46.66,71.06,Wheat,274.44,16.77,9.89,7.81,3014.86
136.1,37.43,17.56,6.7,19.84,87.29,258.07,Cotton,173.68,28.01,8.45,3.88,2541.36
132.0,55.6,20.89,5.76,14.86,78.84,256.54,Cotton,231.77,23.39,10.8,3.84,5001.18
136.45,56.22,21.38,7.49,24.34,54.73,234.64,Cotton,66.87,16.68,7.97,2.68,4762.91
108.74,51.54,18.94,7.34,21.26,84.64,124.61,Maize,154.46,19.24,9.63,3.88,6527.5
106.52,46.92,22.23,6.39,25.16,70.92,244.03,Cotton,214.71,29.95,13.55,6.03,4220.49
95.13,47.91,20.99,6.33,24.33,94.85,215.57,Maize,52.67,24.02,15.95,7.33,3278.55
129.02,29.74,18.88,5.62,16.49,68.47,224.55,Cotton,195.06,33.9,10.5,6.35,2062.86
69.14,49.11,48.56,5.3,30.25,50.21,302.37,Wheat,245.92,10.8,7.64,5.94,4195.97
92.29,51.11,42.96,6.19,28.3,94.44,246.94,Wheat,225.2,14.82,7.26,5.77,2886.96
92.34,36.79,38.1,5.85,21.09,45.61,216.01,Rice,155.97,29.19,12.49,12.18,6566.3
85.78,53.41,42.36,6.57,17.42,50.75,72.64,Wheat,476.3,27.47,12.23,10.97,6067.8
12.27,80.95,21.98,7.82,22.1,59.81,257.95,Soybean,262.14,2.03,9.39,3.46,5122.74
80.87,44.96,32.37,6.55,22.36,84.64,68.46,Wheat,57.07,30.73,12.95,10.07,2123.75
76.54,36.72,39.73,6.98,21.45,42.38,225.93,Wheat,103.26,23.1,10.57,11.92,5000.73
123.84,50.53,24.58,5.63,25.84,69.2,308.32,Cotton,238.64,18.35,6.63,3.4,3236.13
100.47,49.37,11.33,7.01,14.13,74.43,264.88,Cotton,98.15,19.93,7.83,1.49,1905.13
15.34,67.56,18.14,7.92,27.19,62.62,201.1,Soybean,295.38,1.82,12.41,3.27,5431.07
124.85,46.98,25.13,7.18,29.1,46.5,179.4,Cotton,248.86,41.35,16.9,6.07,1894.86
19.8,70.75,17.88,6.28,33.74,57.91,247.79,Soybean,307.74,5.28,24.36,4.27,5408.88
124.13,61.32,18.73,6.14,25.79,84.32,203.58,Cotton,249.18,19.71,8.88,2.59,5998.25
59.93,45.78,17.32,7.03,17.39,43.25,291.14,Maize,424.73,23.49,13.29,4.88,3638.51
130.69,58.22,16.92,5.81,25.54,92.76,184.14,Cotton,220.47,21.98,9.67,2.73,6087.23
68.41,45.68,42.89,6.59,34.38,87.11,157.34,Wheat,191.05,24.98,13.26,12.46,4047.62
11.08,67.37,19.39,8.08,19.95,97.81,113.86,Soybean,268.59,2.41,13.11,4.34,3689.19
124.29,56.2,25.99,7.45,19.64,52.62,222.12,Cotton,87.62,25.16,11.18,5.0,4795.42
14.55,61.1,19.38,6.01,19.5,82.45,270.89,Soybean,198.65,2.91,14.99,3.47,3169.55
90.21,48.71,15.56,6.29,26.82,71.36,123.02,Cotton,543.08,18.03,10.16,3.06,4094.58
26.89,47.99,24.35,4.78,30.34,50.07,235.93,Soybean,371.87,5.41,9.74,5.21,4026.35
65.06,60.85,16.46,5.62,19.51,80.59,77.8,Maize,237.51,23.27,18.13,4.94,5148.24
108.42,36.16,13.58,5.97,27.17,83.53,212.68,Cotton,204.5,23.03,7.29,2.74,1936.63
117.65,55.88,20.22,6.01,29.92,74.19,204.04,Cotton,255.91,20.82,10.3,3.25,4906.95
80.33,55.57,14.85,7.24,32.82,53.4,267.34,Maize,216.77,12.64,7.73,2.43,4093.96
70.04,38.27,33.49,5.08,22.26,58.88,246.74,Wheat,125.22,10.69,5.45,6.33,5417.76
17.32,58.44,19.54,7.33,27.5,76.69,133.3,Soybean,136.78,4.15,11.63,3.5,3078.48
73.51,47.77,16.8,7.57,20.82,72.74,143.31,Maize,111.4,15.54,9.79,2.75,3121.39
135.46,56.72,25.04,6.96,26.57,73.93,144.25,Cotton,466.27,21.78,10.88,4.54,3401.19
86.32,48.76,38.5,6.52,29.53,45.51,252.5,Wheat,129.05,13.65,9.31,6.62,3966.94
69.89,24.86,20.34,7.39,34.84,46.25,85.48,Maize,175.96,9.7,3.52,3.07,5352.41
40.31,64.45,17.54,6.86,25.88,55.9,96.66,Soybean,265.62,10.16,16.92,4.97,5587.76
67.86,54.65,38.32,7.83,34.66,70.17,147.35,Rice,356.28,11.51,7.95,5.35,2706.44
139.0,63.17,27.09,5.45,31.22,41.96,120.25,Cotton,190.85,38.41,19.65,7.59,5381.41
28.29,77.35,23.07,5.72,30.17,70.2,147.43,Soybean,172.2,4.3,11.06,3.62,2922.88
78.2,45.34,17.7,5.94,18.36,54.62,302.6,Maize,420.03,23.64,13.73,4.05,3699.29
86.0,41.65,48.07,5.2,19.18,35.52,244.76,Wheat,69.05,21.09,8.95,8.84,2655.57
90.23,62.17,21.27,5.87,22.72,86.64,74.21,Maize,216.73,14.15,7.22,3.92,5727.02
15.9,75.28,18.21,6.09,16.84,70.74,273.17,Soybean,174.5,2.82,13.79,3.99,3333.56
135.34,51.46,26.01,7.97,24.27,55.32,139.34,Cotton,215.35,27.42,10.39,4.35,4149.09
139.48,54.35,15.08,7.71,29.59,68.0,143.45,Cotton,267.87,17.77,7.5,2.2,6304.64
26.59,62.62,25.1,5.39,27.83,60.91,293.03,Soybean,445.68,4.6,11.82,3.98,4586.84
20.72,49.53,19.2,5.27,27.0,57.85,143.55,Soybean,374.19,4.66,17.04,5.37,3179.9
79.39,46.26,49.08,7.13,18.21,86.45,190.43,Rice,184.75,28.42,13.68,15.06,4530.63
52.65,36.9,48.11,6.87,29.77,66.49,163.5,Wheat,392.5,9.02,4.55,6.46,4451.39
16.42,72.04,23.82,6.79,15.31,68.0,119.78,Soybean,266.65,2.76,10.87,3.51,4522.88
70.18,59.5,22.84,7.11,23.09,45.97,176.6,Maize,493.91,12.89,10.96,5.45,4901.87
35.32,63.69,18.7,5.6,31.45,77.32,290.26,Soybean,247.99,12.59,19.45,5.2,5707.2
128.67,47.34,22.04,6.1,16.6,83.14,193.96,Cotton,138.09,21.06,8.76,3.66,5538.07
78.75,43.62,36.37,6.96,33.09,48.2,88.72,Rice,286.91,26.46,13.2,13.53,4775.52
68.91,40.95,39.93,5.79,16.35,76.84,67.56,Wheat,323.32,11.68,10.33,6.55,4044.77
122.64,35.02,28.13,6.79,20.14,52.63,122.28,Cotton,121.67,19.72,6.59,5.49,2443.41
89.14,67.91,34.69,6.12,22.0,68.94,202.4,Wheat,80.73,15.35,10.71,7.25,4217.93
60.35,49.6,20.62,7.32,19.37,62.95,64.02,Maize,388.05,11.11,7.27,3.05,2875.65
109.1,39.27,46.0,6.4,35.71,61.67,92.17,Wheat,240.6,21.81,7.1,10.04,2765.35
79.13,42.19,39.93,6.37,16.47,46.23,80.03,Wheat,356.95,24.56,13.05,11.81,6335.1
87.15,36.03,39.86,6.54,23.49,46.17,194.64,Wheat,109.65,27.04,10.31,10.36,4559.74
62.84,51.88,33.79,6.49,23.9,88.1,59.79,Wheat,118.17,9.19,6.74,6.38,5611.39
75.02,40.29,30.57,6.48,38.81,75.37,246.89,Maize,316.65,25.71,13.49,8.82,3139.38
73.34,36.57,21.4,6.43,23.37,46.26,140.6,Maize,123.66,16.81,8.5,4.34,2645.77
7.63,82.09,20.22,7.65,26.16,55.41,284.9,Soybean,372.59,0.99,11.73,3.18,5032.78
25.38,66.44,19.37,7.45,18.83,65.12,252.52,Soybean,215.9,5.47,12.33,4.43,4370.96
64.64,52.34,16.33,7.11,19.9,61.43,114.16,Maize,91.44,8.33,6.19,2.72,4711.11
144.64,41.83,23.92,7.73,20.71,39.91,116.79,Cotton,331.05,38.64,14.06,6.98,4525.44
89.71,38.45,17.4,5.77,29.47,54.09,224.42,Maize,208.02,15.62,6.36,3.58,4333.15
84.94,54.96,42.95,5.8,29.97,75.03,161.14,Wheat,116.56,21.36,14.16,12.51,3769.97
101.66,49.73,18.9,5.39,31.93,71.54,154.08,Cotton,229.96,20.63,8.61,3.0,4919.25
72.95,35.34,25.25,8.23,27.7,43.79,156.86,Maize,123.44,14.96,7.24,4.66,2493.29
16.85,64.45,28.01,8.34,28.05,60.47,117.32,Soybean,154.13,4.86,15.43,6.81,6318.02
130.89,40.87,17.76,7.31,15.04,45.67,84.53,Cotton,170.17,32.42,13.35,5.41,2382.07
26.38,77.14,23.56,6.38,16.65,78.32,55.23,Soybean,182.59,8.32,22.7,7.3,3109.7
79.61,57.87,43.57,5.28,39.91,41.62,311.38,Wheat,569.0,14.39,10.05,6.54,3435.03
105.46,53.45,20.61,7.9,24.84,55.57,139.22,Cotton,199.4,22.14,9.29,4.16,3650.29
80.71,38.62,14.52,6.65,27.46,63.56,280.59,Maize,189.57,14.49,6.73,2.86,4411.29
102.52,48.49,20.13,7.79,23.99,47.63,189.0,Maize,255.91,28.68,13.93,6.21,5910.52
63.2,56.75,42.73,7.2,23.97,57.82,220.81,Wheat,114.14,19.43,14.15,12.16,4606.63
115.17,42.29,23.68,6.91,23.24,61.87,123.04,Cotton,70.73,24.59,9.12,4.62,5933.64
85.5,39.15,36.55,6.36,19.62,75.02,177.73,Rice,161.38,11.73,5.49,4.75,3896.57
16.61,72.31,14.61,5.86,18.07,74.16,188.17,Soybean,352.5,5.1,21.62,4.82,5937.27
79.37,38.4,44.36,6.76,27.77,56.95,70.72,Rice,441.46,22.07,11.27,10.96,2333.64
92.71,60.47,33.8,6.61,29.5,55.12,122.5,Wheat,229.2,15.41,11.56,6.96,4308.03
92.71,51.4,22.79,7.35,19.22,50.82,342.21,Maize,115.32,11.24,6.86,3.06,2586.54
125.38,39.01,17.07,7.36,29.55,84.54,188.89,Cotton,280.91,34.8,12.79,6.63,2556.85
117.82,34.73,17.54,6.92,25.05,95.3,167.85,Cotton,205.0,17.04,6.73,2.79,3162.37
67.38,42.29,45.2,5.57,18.7,70.91,293.41,Rice,284.5,9.55,6.33,5.33,2672.97
42.07,88.95,21.1,6.18,27.79,81.79,61.6,Soybean,470.7,7.72,15.62,4.9,6472.68
132.97,40.67,18.32,7.21,24.87,87.88,194.0,Cotton,154.58,46.01,13.34,6.17,2783.01
74.96,47.75,36.98,6.83,20.96,77.79,121.75,Rice,71.7,26.97,15.99,13.15,3498.03
20.94,56.69,17.64,7.4,22.24,62.13,146.97,Soybean,98.47,7.86,17.04,5.71,6772.76
97.78,38.53,24.91,5.99,18.1,44.77,274.01,Maize,177.55,19.63,8.55,4.37,4287.33
79.01,55.35,38.55,5.9,18.44,56.48,141.19,Wheat,143.69,28.14,18.04,13.63,5085.57
76.2,49.59,42.71,7.34,26.05,48.3,176.39,Rice,228.91,12.18,6.89,5.55,5081.18
70.48,53.01,38.93,7.39,24.23,52.01,47.49,Rice,92.28,19.48,15.41,10.39,3617.03
90.28,39.26,17.7,6.88,29.39,56.86,278.8,Maize,206.72,17.36,6.46,3.29,4629.11
80.62,47.3,46.16,5.67,24.01,67.94,229.53,Rice,191.17,17.54,12.36,8.03,2189.16
16.51,76.83,18.82,7.26,17.77,69.96,113.67,Soybean,256.76,2.96,10.17,3.19,3403.01
106.1,44.83,18.13,5.39,30.88,45.11,238.77,Cotton,556.21,28.98,14.7,6.52,3109.21
6.56,60.54,22.47,6.93,33.2,56.87,108.36,Soybean,186.04,2.15,21.04,5.51,2377.92
68.87,49.06,15.97,7.04,18.45,87.93,124.51,Maize,125.68,14.6,8.7,3.26,2609.19
84.32,33.33,36.06,6.03,21.57,60.16,94.28,Wheat,73.01,21.21,10.44,12.97,4540.27
6.26,65.75,22.27,6.89,28.7,51.6,100.18,Soybean,177.34,1.96,19.05,5.52,2271.52
67.78,67.22,28.47,6.91,27.63,43.65,238.88,Maize,518.31,8.05,10.32,4.18,6056.07
16.43,80.58,22.11,7.54,14.38,65.29,289.9,Soybean,229.06,2.57,10.23,3.25,2980.85
68.13,33.7,43.13,6.75,19.22,76.88,200.3,Wheat,311.17,9.05,4.62,7.4,5742.42
69.84,67.46,36.47,6.49,16.57,43.45,92.52,Rice,115.8,13.77,9.02,5.1,5383.84
85.78,53.34,46.09,6.23,23.51,82.88,95.93,Rice,77.92,24.88,13.73,13.6,3830.91
77.14,40.66,42.26,6.83,27.86,44.29,146.3,Wheat,148.29,15.03,8.25,7.47,4419.86
21.28,64.75,26.02,6.95,19.91,60.8,93.69,Soybean,182.4,5.03,13.7,4.65,5108.12
114.41,45.4,18.22,6.36,34.98,54.54,191.39,Cotton,395.08,39.13,12.24,5.75,3680.8
114.23,38.42,17.98,7.07,28.31,97.68,271.56,Cotton,56.17,38.99,10.28,6.63,5949.85
7.53,76.02,23.14,6.5,21.13,60.15,259.94,Soybean,472.59,1.15,11.71,3.08,5779.74
30.15,57.24,12.57,5.91,26.44,51.56,191.22,Soybean,97.71,8.45,17.09,3.56,4661.84
38.49,47.93,17.86,5.53,24.79,85.8,308.47,Soybean,386.88,10.18,14.54,5.22,2776.68
69.37,53.42,51.53,5.9,26.13,58.4,181.55,Wheat,195.72,13.18,10.64,9.89,3545.81
90.29,61.87,21.8,5.5,21.19,71.56,81.69,Maize,219.1,13.05,10.28,3.49,4156.21
75.76,49.35,33.38,6.27,35.06,73.52,280.29,Wheat,154.65,15.74,9.49,7.06,4606.85
30.39,59.09,12.2,6.15,27.4,76.99,102.73,Soybean,196.46,5.65,8.95,1.98,2495.9
107.27,46.17,18.43,6.97,15.77,51.98,53.8,Cotton,125.23,25.68,8.27,4.42,5045.19
96.06,54.04,35.13,6.43,27.31,46.21,277.73,Rice,143.8,22.49,15.71,12.51,3607.91
80.51,54.57,44.14,6.8,21.81,91.29,47.57,Wheat,156.01,17.16,9.85,7.77,3699.89
85.47,45.4,21.77,5.47,23.29,63.32,120.76,Maize,265.54,22.37,16.56,5.98,5168.52
116.32,37.39,16.02,5.87,21.88,51.5,126.48,Maize,166.87,33.98,10.84,5.96,2380.52
70.11,51.27,44.63,7.85,18.52,72.72,191.37,Wheat,380.12,10.9,8.02,5.47,5239.83
11.59,68.12,23.74,6.8,23.1,48.2,231.72,Soybean,256.98,2.1,8.48,3.03,5297.84
22.91,81.19,17.21,5.07,17.3,87.51,68.17,Soybean,393.23,3.59,14.85,3.44,5325.16
103.84,36.54,17.85,6.81,21.64,38.42,196.98,Cotton,257.81,29.01,11.17,5.18,5904.26
78.03,40.56,17.08,6.35,32.57,72.69,63.6,Maize,205.93,11.05,6.23,2.42,4985.49
163.62,43.31,20.6,6.54,16.39,57.76,254.89,Cotton,139.41,48.06,14.11,6.14,2969.79
8.86,54.26,20.49,6.77,17.28,71.89,230.11,Soybean,157.96,1.62,11.41,5.35,3542.88
108.63,51.17,20.09,6.18,28.0,61.68,128.17,Cotton,57.33,15.13,7.48,3.63,3084.09
77.43,48.84,22.46,6.23,20.49,85.06,62.43,Maize,227.35,25.64,12.7,6.55,4894.26
35.75,52.65,15.47,6.18,22.8,37.6,226.2,Soybean,147.64,10.62,18.64,4.09,4091.01
117.61,48.09,22.43,5.64,13.08,85.4,90.23,Cotton,213.84,29.45,15.39,5.71,2556.0
81.3,36.59,40.77,6.75,23.33,76.59,115.02,Wheat,198.84,25.67,11.83,11.61,2040.57
19.79,67.35,18.29,5.38,28.19,64.69,96.07,Soybean,272.18,4.51,12.2,3.65,4948.14
84.79,50.38,19.11,6.04,25.36,90.73,54.54,Maize,226.07,20.46,14.55,6.7,5714.21
18.74,52.98,17.36,6.53,23.05,58.42,125.59,Soybean,381.54,6.05,18.63,4.99,3342.78
63.62,33.98,34.71,5.47,33.48,75.72,47.78,Rice,265.06,10.38,5.7,5.2,4795.13
134.0,50.28,22.04,7.09,27.6,80.78,234.32,Cotton,283.81,22.55,11.1,4.54,3353.02
64.43,37.25,13.33,5.97,18.38,47.33,271.28,Maize,413.89,19.2,11.24,4.25,2925.48
126.27,53.23,18.47,7.03,26.99,38.7,254.48,Cotton,106.59,33.85,14.03,5.39,3463.96
122.34,36.13,18.52,6.37,19.96,53.03,218.63,Cotton,301.29,28.19,9.52,3.64,2031.91
123.3,49.77,17.04,5.77,15.19,82.31,159.81,Cotton,269.49,20.4,8.72,4.42,5683.72
87.98,48.62,16.23,8.44,35.68,52.7,317.07,Maize,230.56,11.07,9.0,2.64,5035.74
110.29,44.15,21.27,5.2,27.08,79.7,181.5,Cotton,208.55,14.59,6.76,2.53,2448.96
130.84,54.07,20.37,6.65,27.99,83.77,194.32,Cotton,118.35,40.27,14.89,7.15,4664.63
76.42,45.73,51.94,6.32,19.45,87.25,311.62,Wheat,138.98,14.54,6.19,7.08,5636.8
131.59,57.1,16.26,6.97,28.37,89.78,194.5,Cotton,238.83,22.04,9.91,2.83,5634.9
20.14,65.74,27.22,7.13,29.26,59.76,111.52,Soybean,201.06,5.09,16.11,7.27,4798.37
25.29,49.82,19.19,6.97,23.02,50.96,138.72,Soybean,116.87,6.68,16.1,4.83,5703.44
40.66,59.44,21.13,8.1,31.56,52.01,96.32,Soybean,268.18,10.62,19.91,6.08,4709.99
108.59,36.1,14.23,5.77,22.15,43.71,187.71,Cotton,230.77,36.81,11.41,4.74,5500.85
12.61,66.73,15.58,6.22,34.39,77.86,284.49,Soybean,299.63,3.53,20.18,4.39,6363.15
159.85,46.58,19.76,5.46,18.43,54.89,268.37,Cotton,122.78,47.55,14.19,6.5,2391.21
6.94,58.89,20.7,6.93,31.64,56.89,104.2,Soybean,164.4,1.8,20.16,5.72,1982.2
26.06,75.34,21.36,7.37,22.86,51.11,278.57,Soybean,144.71,5.52,11.92,4.38,6791.93
54.7,70.87,21.8,6.5,19.77,71.69,260.96,Soybean,200.29,6.25,10.46,3.6,2747.49
117.22,40.89,18.41,5.58,22.56,60.96,232.75,Cotton,177.47,20.92,6.41,3.31,3356.73
59.89,40.13,13.57,6.48,18.56,43.64,283.52,Maize,488.46,21.82,14.44,5.01,2932.19
95.9,34.95,25.52,5.35,17.98,56.43,137.52,Cotton,109.11,21.44,7.14,4.54,2491.22
130.98,30.33,20.86,5.49,18.12,65.01,246.13,Cotton,228.88,33.73,9.05,6.48,2098.37
68.71,40.61,36.7,6.42,15.68,98.81,260.53,Rice,238.8,13.51,7.89,7.77,3449.83
79.78,44.89,42.39,5.77,29.77,93.24,333.53,Rice,240.63,22.77,13.55,9.89,2524.83
130.45,39.05,19.94,6.12,17.08,84.34,249.58,Cotton,195.27,26.64,8.01,3.84,2589.76
21.04,71.89,18.54,6.16,30.5,64.75,199.24,Soybean,436.08,6.85,20.59,5.94,5320.75
92.6,47.33,35.31,6.23,22.43,63.44,301.57,Wheat,133.21,21.13,8.16,8.5,2137.21
118.01,54.67,20.42,6.78,26.84,71.05,124.94,Cotton,57.42,19.76,7.6,3.72,2534.44
6.83,83.16,25.29,6.27,18.17,54.68,186.3,Soybean,110.89,1.09,13.38,4.2,4383.64
114.76,44.69,16.57,6.4,28.81,58.57,249.48,Cotton,398.16,19.6,8.83,3.45,4313.95
113.07,45.09,21.55,6.72,17.39,86.92,167.96,Cotton,322.51,15.43,7.88,3.45,2554.62
130.53,59.6,22.32,5.32,16.44,85.96,215.06,Cotton,251.93,20.62,12.09,4.47,5676.18
82.72,36.59,23.05,6.09,39.2,98.27,219.27,Maize,327.83,13.99,5.02,3.48,4685.39
77.21,44.72,49.05,6.77,14.12,70.56,196.9,Rice,283.01,14.2,7.44,6.7,5348.48
87.94,36.89,10.98,8.42,19.74,73.83,110.63,Maize,333.83,13.7,6.28,1.62,5303.22
89.23,49.07,39.26,6.99,23.31,57.13,64.32,Wheat,255.09,16.01,11.9,8.36,2957.89
109.79,51.04,18.67,6.32,30.2,42.27,268.13,Cotton,108.05,33.89,16.4,5.27,3610.3
64.53,38.69,19.54,5.4,27.57,70.13,250.14,Maize,396.51,9.68,4.82,2.88,2335.09
22.72,61.55,22.85,6.33,25.98,55.14,87.8,Soybean,210.38,5.06,13.31,3.7,5423.53
19.9,61.63,22.0,8.4,33.44,73.41,100.77,Soybean,157.99,5.75,15.21,8.47,5938.21
79.22,57.1,45.66,6.42,23.5,93.38,267.99,Wheat,272.07,14.17,7.68,6.53,2971.31
27.42,63.14,17.91,5.97,28.11,81.77,242.99,Soybean,245.42,9.15,17.85,5.86,2156.66
110.61,45.76,21.87,5.49,20.77,77.79,234.7,Cotton,214.08,26.96,16.8,5.19,5087.24
12.72,55.56,20.35,6.8,19.53,80.75,286.76,Soybean,124.82,4.49,20.37,5.79,3535.25
87.55,43.8,36.0,5.64,16.41,68.63,52.09,Rice,171.64,12.46,7.02,5.72,6557.99
37.91,62.93,21.34,6.78,23.96,62.01,215.35,Soybean,100.89,10.43,21.43,6.1,5265.77
26.32,61.5,21.94,6.44,27.27,43.99,265.43,Soybean,168.15,7.91,18.42,6.91,5178.65
135.23,37.61,20.83,6.72,30.49,64.98,191.35,Cotton,239.56,35.51,11.8,5.18,2127.01
122.82,38.05,14.35,6.08,19.55,73.62,212.72,Cotton,51.57,24.44,8.23,2.9,5150.24
23.55,75.83,23.73,5.94,19.3,59.52,66.3,Soybean,205.7,7.84,21.88,6.81,3041.92
23.32,66.37,18.86,6.03,23.7,64.62,250.61,Soybean,142.16,5.82,18.49,5.2,3269.26
15.2,63.38,19.79,7.15,23.53,90.08,256.7,Soybean,129.55,4.01,16.42,6.59,4729.7
100.58,39.36,39.37,5.77,19.31,46.78,223.9,Rice,138.84,28.8,12.52,12.2,6161.76
107.62,48.6,17.56,6.78,23.18,76.83,199.89,Cotton,271.09,38.7,16.07,5.71,4534.52
86.1,47.89,34.33,7.48,21.63,60.95,265.2,Wheat,115.15,20.67,8.82,8.32,1966.69
116.6,37.06,18.41,5.31,24.02,42.11,195.13,Cotton,281.89,33.93,11.44,4.87,5865.33
125.74,37.2,22.75,7.81,20.68,46.3,154.73,Cotton,66.43,21.43,8.24,4.55,5336.1
18.33,73.58,19.52,7.79,32.53,88.61,150.19,Soybean,129.55,4.2,14.94,3.04,3504.86
81.38,39.26,33.51,5.71,21.46,49.04,179.9,Rice,177.1,14.76,5.62,5.04,2594.41
87.24,58.12,40.5,7.41,24.11,54.89,163.33,Rice,335.5,10.75,7.83,6.49,5873.19
33.35,66.82,17.87,6.77,27.28,44.19,159.25,Soybean,148.57,5.37,11.68,3.13,2051.85
72.16,46.19,40.86,6.17,34.27,85.57,65.29,Wheat,256.53,18.95,11.95,11.74,5574.17
129.63,40.21,16.28,7.44,31.0,78.63,244.97,Cotton,241.89,39.28,11.82,5.13,4055.45
79.07,54.6,36.76,6.48,24.41,44.12,240.9,Wheat,148.93,23.65,19.04,10.65,3686.69
69.7,47.2,20.63,5.98,32.07,61.2,185.62,Maize,192.16,13.61,6.34,2.97,2406.7
97.21,44.41,27.76,6.49,30.92,44.51,64.03,Maize,200.43,16.3,7.14,4.48,3752.87
71.76,48.6,17.87,6.38,29.47,57.61,252.92,Maize,461.33,28.29,15.3,5.44,2643.57
87.36,40.58,45.1,5.89,25.53,60.04,108.17,Wheat,209.02,28.42,12.91,12.96,2111.6
59.11,43.95,21.35,6.61,22.13,43.43,256.09,Maize,364.67,19.41,12.34,5.52,5346.62
117.64,48.17,15.68,6.97,29.49,67.28,271.15,Cotton,218.89,35.72,14.8,5.64,4903.69
90.94,50.91,41.31,6.65,25.55,55.8,151.13,Rice,259.6,12.76,9.69,6.61,5515.89
22.27,70.96,23.38,5.12,21.78,68.91,176.46,Soybean,90.4,3.15,9.3,3.78,5305.61
63.12,50.91,33.49,6.28,28.12,82.64,86.65,Rice,578.32,11.0,6.61,6.0,4784.83
75.82,30.01,36.01,6.97,15.76,91.7,254.23,Wheat,275.31,12.87,5.88,8.58,3279.39
88.37,57.69,22.5,5.92,25.47,56.35,224.31,Maize,147.32,11.2,9.73,3.05,4053.86
79.47,42.62,38.08,6.47,14.55,55.58,227.16,Rice,278.22,12.11,6.14,6.61,4217.18
55.81,37.03,20.09,6.04,26.73,48.97,180.04,Maize,198.66,12.14,7.69,4.13,3675.67
75.07,39.95,17.65,7.29,16.89,75.46,338.79,Maize,203.17,13.22,8.55,3.38,2064.9
85.32,51.22,43.72,6.36,26.07,85.61,71.15,Wheat,287.27,13.61,9.14,6.54,3609.22
80.01,56.87,39.72,6.09,26.11,65.13,233.78,Wheat,206.14,13.57,8.28,6.41,4000.95
102.92,48.26,20.55,7.04,17.29,87.92,87.63,Cotton,182.41,35.45,13.06,5.31,2885.8
73.77,47.45,19.6,6.17,20.69,78.32,84.93,Maize,115.6,18.63,10.25,3.67,2617.38
110.55,46.16,18.45,5.63,14.37,84.7,217.48,Cotton,180.59,14.8,7.63,2.36,4449.7
13.59,76.23,19.58,7.62,28.74,73.85,242.69,Soybean,460.79,2.59,13.3,4.34,5143.01
44.39,61.63,22.5,5.55,31.37,42.18,132.23,Soybean,164.98,9.36,12.03,3.75,5735.98
87.94,35.71,36.3,6.32,33.59,74.42,79.37,Rice,175.55,24.19,13.31,11.11,3927.18
62.36,39.79,48.56,5.15,35.73,78.21,83.62,Wheat,264.95,20.71,13.53,14.4,5934.67
116.84,53.81,21.46,5.21,17.63,76.13,145.14,Cotton,285.83,21.39,8.84,3.58,5985.13
76.47,61.73,43.41,5.86,29.4,50.23,200.59,Wheat,134.22,20.83,16.6,12.78,4595.25
58.79,70.56,35.09,6.48,33.97,58.5,168.12,Rice,147.85,8.04,9.44,5.55,2236.88
26.17,54.67,12.68,5.79,17.6,81.88,103.4,Soybean,178.12,8.69,20.35,3.68,3977.47
25.09,67.84,22.95,7.61,27.86,97.38,247.02,Soybean,475.99,6.58,17.69,6.92,3806.1
106.41,51.59,19.03,5.92,15.91,82.42,78.38,Cotton,201.83,27.57,12.51,6.11,3162.44
35.0,55.34,13.35,5.77,27.53,41.17,283.83,Soybean,152.05,9.07,18.99,4.26,5052.31
72.99,69.59,45.37,6.21,19.73,83.46,202.18,Rice,156.85,12.1,9.56,5.98,3696.6
106.76,30.15,22.63,7.1,25.92,38.98,288.14,Cotton,142.22,13.05,5.62,2.72,4364.72
26.45,73.34,18.45,6.05,25.52,84.73,141.88,Soybean,171.97,3.98,9.78,3.0,3004.02
18.52,54.36,17.32,7.32,29.95,89.15,172.61,Soybean,494.06,4.47,19.48,5.39,2991.36
76.29,64.69,33.98,4.96,17.39,42.23,107.93,Rice,111.05,12.03,9.75,5.17,6611.89
18.24,78.64,16.64,5.96,30.3,54.62,255.08,Soybean,256.21,6.38,21.3,4.99,4602.05
64.36,47.57,37.05,5.92,30.05,94.65,163.66,Wheat,93.76,23.36,16.86,10.93,3685.77
106.6,54.71,31.25,5.87,20.62,71.81,193.62,Rice,133.54,12.46,6.88,6.04,6570.8
130.01,42.94,14.84,6.45,17.96,79.6,228.78,Cotton,51.66,25.29,9.17,2.91,4344.95
90.56,35.91,17.59,5.79,26.87,89.45,272.92,Maize,246.68,28.41,9.52,4.91,4436.52
74.47,45.74,46.64,6.72,26.28,92.09,146.96,Wheat,178.87,21.95,17.89,12.45,3881.04
91.57,52.0,22.1,7.08,15.14,56.11,156.72,Maize,346.13,14.51,7.78,3.69,3548.1
134.61,33.94,20.08,5.9,28.46,76.37,258.75,Cotton,52.91,32.93,11.3,6.19,5142.51
88.39,47.0,42.48,5.61,31.03,59.04,170.52,Wheat,123.93,12.49,6.21,6.23,5351.39
72.56,56.77,39.03,8.01,24.72,82.28,163.61,Rice,97.3,20.94,15.82,13.93,3470.09
11.93,61.01,20.8,6.93,27.11,62.26,285.04,Soybean,316.55,1.75,10.86,2.95,6553.59
121.79,45.55,17.3,6.87,33.4,46.14,273.71,Cotton,76.79,14.65,6.54,2.61,3750.43
38.48,69.52,21.45,6.39,26.29,45.61,154.12,Soybean,170.75,15.17,19.34,7.34,3029.97
109.85,37.85,15.37,7.14,31.28,54.57,291.98,Maize,354.66,14.49,6.8,2.28,6517.4
99.28,47.88,38.15,6.35,25.07,67.02,207.2,Wheat,210.5,28.73,11.36,13.24,4633.76
76.16,49.22,40.13,6.55,30.67,72.62,79.72,Rice,497.07,10.92,7.55,5.6,4215.46
103.55,52.83,20.67,5.47,31.16,80.61,268.68,Cotton,291.96,24.4,11.15,3.35,4524.93
85.34,59.93,49.25,5.52,30.53,61.47,315.2,Wheat,222.29,10.55,7.26,6.09,3998.63
29.7,66.9,17.46,6.33,28.23,63.7,83.0,Soybean,129.32,5.69,15.5,4.47,3535.15
23.54,73.83,20.84,6.77,29.93,63.14,190.06,Soybean,377.08,9.22,17.42,6.33,4710.13
7.71,76.56,23.29,7.94,23.27,57.94,229.77,Soybean,375.01,1.05,9.61,3.67,5892.85
39.0,67.16,22.2,7.9,26.67,52.77,78.7,Soybean,271.02,11.3,19.46,5.73,5274.11
131.39,42.87,16.27,6.58,24.29,57.73,315.7,Cotton,219.26,17.58,5.37,2.76,5800.61
129.72,44.99,21.24,7.38,27.37,76.38,133.67,Cotton,375.24,26.88,10.8,4.47,2970.96
132.06,58.31,16.27,5.56,24.02,94.92,107.88,Cotton,153.21,18.55,8.76,2.11,5125.03
105.21,42.52,25.95,5.3,35.31,57.41,268.53,Cotton,50.05,22.78,7.08,5.03,2928.22
64.99,55.88,32.04,5.32,16.26,48.0,182.86,Rice,307.26,14.66,10.75,7.27,1911.62
77.82,48.41,17.17,7.26,34.59,49.78,275.61,Maize,303.72,25.71,13.57,5.41,3162.04
129.52,41.61,18.41,6.27,32.92,77.2,251.67,Cotton,49.17,30.17,10.49,5.57,5756.53
38.91,59.98,21.12,6.93,16.43,93.06,90.33,Soybean,227.52,13.3,17.29,6.46,5246.56
22.92,95.96,16.07,6.83,23.08,80.18,239.48,Soybean,242.68,3.57,12.05,2.77,5111.67
68.12,43.6,42.03,7.64,28.56,44.79,139.81,Wheat,77.85,13.54,8.11,9.99,2197.43
86.99,42.42,50.35,5.62,20.68,71.28,99.51,Rice,186.38,14.77,5.32,6.49,5029.1
122.94,34.42,18.63,5.26,20.04,42.82,209.19,Cotton,262.05,31.52,11.86,4.34,5021.12
74.01,38.41,22.31,6.7,19.65,73.34,84.11,Maize,157.68,16.02,7.58,5.58,4746.22
18.21,66.17,25.26,6.26,15.43,66.07,107.36,Soybean,227.85,2.94,11.1,2.96,3460.19
104.87,38.29,22.24,6.57,23.46,43.74,315.57,Cotton,135.08,14.19,4.39,3.3,3881.93
96.92,50.83,20.72,7.98,14.45,52.05,219.98,Maize,163.91,25.33,13.18,5.83,2761.07
36.97,53.1,17.97,6.44,30.82,71.89,252.81,Soybean,353.52,11.46,14.04,5.34,2862.12
78.93,51.5,50.98,6.54,34.63,34.96,137.06,Wheat,354.86,25.27,15.77,12.32,2637.18
15.68,78.16,17.61,6.99,19.79,44.95,279.53,Soybean,146.74,5.07,23.46,5.34,4466.93
91.57,56.86,35.47,7.66,21.64,88.59,68.07,Wheat,158.03,29.65,17.46,11.23,5459.68
20.75,80.22,20.43,6.67,31.57,91.12,149.51,Soybean,138.98,5.43,12.96,4.36,4484.18
70.45,42.78,21.1,5.82,27.69,50.29,214.43,Maize,371.32,20.97,12.13,6.43,4697.9
141.52,51.58,18.77,8.44,38.41,61.04,142.61,Cotton,240.69,20.56,7.49,2.9,5275.58
34.73,68.87,21.38,5.78,22.75,45.2,136.29,Soybean,183.06,12.54,21.03,6.94,2404.54
92.62,39.08,27.59,7.37,33.78,57.65,67.52,Maize,181.42,20.76,7.61,5.31,4429.34
21.46,79.93,24.39,7.19,25.13,79.83,161.84,Soybean,119.71,4.87,16.49,3.83,3763.62
88.95,47.5,16.22,5.67,25.22,77.19,111.54,Maize,191.82,16.9,8.28,2.96,2265.09
69.76,38.79,37.23,6.1,34.46,96.66,171.88,Wheat,195.58,21.46,11.29,10.8,5204.54
109.67,49.06,23.2,6.43,20.14,88.29,158.0,Maize,49.05,16.59,6.92,3.29,3798.98
71.91,41.79,24.55,7.67,19.06,95.61,287.03,Maize,419.14,26.64,13.05,6.19,4945.17
91.3,43.4,19.31,5.98,35.02,62.82,184.25,Maize,256.14,25.35,10.82,6.18,3147.66
107.14,53.55,24.89,6.74,22.55,50.04,152.01,Cotton,220.47,25.14,10.87,4.23,4158.77
105.59,49.69,19.87,6.86,15.06,41.21,173.82,Cotton,258.54,20.13,9.61,2.92,2837.97
76.62,58.7,20.93,6.96,31.72,87.82,88.61,Maize,207.96,14.72,10.8,3.95,2592.84
33.54,61.79,19.91,6.83,33.76,85.32,226.56,Soybean,165.6,5.02,10.68,3.27,4773.79
55.34,40.9,13.82,6.81,20.66,84.19,249.23,Maize,444.06,16.68,11.03,4.66,5258.44
80.07,58.04,18.39,7.32,28.89,91.69,87.13,Maize,183.89,13.67,9.82,3.39,2724.07
87.19,62.0,19.06,5.58,17.24,60.43,233.64,Cotton,147.86,26.03,19.21,5.38,4888.11
97.97,43.67,46.28,6.6,29.82,55.62,279.82,Wheat,274.12,18.19,9.37,8.83,3882.31
73.62,44.46,44.64,7.42,19.6,57.3,58.67,Wheat,102.68,22.7,14.43,14.7,2993.57
18.49,66.24,21.61,6.57,19.82,72.22,274.82,Soybean,454.38,4.55,13.13,4.57,5052.72
39.43,59.03,24.35,6.91,28.48,80.74,263.29,Soybean,156.62,5.6,10.99,4.25,2742.99
80.19,36.83,25.42,5.12,17.31,80.82,85.18,Maize,149.9,15.05,7.87,5.79,4898.7
27.84,57.37,17.25,6.16,16.17,88.55,116.15,Soybean,278.59,3.9,8.17,2.47,2070.78
103.19,39.13,24.16,6.3,33.88,79.95,81.14,Cotton,329.84,21.93,8.16,3.99,4020.91
91.89,36.51,39.24,7.96,18.88,71.44,88.37,Rice,298.02,25.91,11.39,13.47,1874.48
89.28,57.63,20.87,7.44,33.84,85.49,94.54,Maize,162.86,15.62,11.42,3.83,2876.06
77.13,55.39,22.81,5.44,21.08,64.2,107.8,Maize,253.97,20.8,12.52,5.88,5042.91
66.57,49.45,37.64,6.06,29.44,80.86,155.82,Wheat,209.2,22.62,17.14,12.76,4165.4
58.89,61.91,46.64,5.42,33.62,48.46,75.17,Rice,256.54,22.18,15.28,12.54,5836.65
70.86,49.49,34.22,6.29,14.65,49.19,220.81,Wheat,428.05,22.31,18.03,12.48,2255.35
104.32,47.2,24.12,6.16,20.61,89.52,180.54,Maize,52.35,16.66,8.38,2.88,3760.44
81.09,44.04,21.09,7.27,30.86,53.59,222.52,Maize,106.47,20.73,15.47,6.13,1877.1
90.54,44.85,21.15,6.61,16.52,54.82,216.75,Maize,175.45,17.77,9.16,4.0,4523.21
115.14,41.94,20.86,7.63,33.76,41.25,203.46,Cotton,433.6,38.34,11.46,5.62,4685.08
73.25,51.95,40.37,6.72,34.99,80.03,198.79,Wheat,115.85,10.58,7.8,5.47,6100.28
24.18,57.36,18.69,7.58,20.27,61.85,265.81,Soybean,202.21,4.99,12.01,4.11,4433.08
113.05,33.31,26.04,6.49,17.67,60.03,127.18,Cotton,489.16,22.29,8.42,4.74,5375.05
126.04,34.98,16.94,7.29,20.19,77.37,267.07,Cotton,189.5,21.84,7.88,3.28,2166.07
155.89,47.84,17.4,6.87,36.27,46.5,167.26,Cotton,200.75,22.54,7.35,3.02,2689.52
85.98,42.46,42.17,6.12,22.03,86.16,196.21,Rice,176.49,30.32,12.22,12.0,5423.48
20.51,80.53,15.83,5.93,18.21,97.31,71.03,Soybean,323.39,4.2,16.62,3.88,5084.02
121.73,39.22,23.12,6.01,17.44,78.91,250.64,Cotton,87.12,22.11,8.33,3.5,6655.17
96.14,43.49,39.65,5.49,24.18,48.33,174.85,Rice,178.69,11.86,5.86,5.36,2387.99
78.64,36.37,24.83,5.84,27.9,54.24,184.3,Maize,304.64,22.75,11.75,7.63,3182.05
99.18,59.09,32.46,6.87,19.69,60.95,222.0,Wheat,132.67,32.41,19.08,9.22,2733.98
78.35,39.57,43.46,5.45,31.33,52.07,200.13,Rice,177.38,15.72,5.51,6.92,2878.88
78.56,45.67,39.36,7.59,34.64,72.19,283.33,Wheat,141.02,16.4,8.87,6.31,5521.49
21.62,66.21,18.63,8.29,18.14,67.49,61.77,Soybean,332.67,2.94,8.96,2.54,3862.3
96.56,46.66,16.03,6.89,34.88,51.6,268.58,Cotton,83.79,14.83,8.54,2.61,4368.27
89.21,54.35,26.83,5.74,34.98,39.21,126.22,Maize,427.19,23.91,15.71,6.89,5016.86
23.44,62.04,13.55,6.94,25.91,51.76,138.46,Soybean,222.28,6.82,15.9,4.75,5798.15
70.52,62.19,45.2,5.58,30.59,56.81,58.35,Rice,250.41,19.36,19.03,13.2,5461.86
79.5,59.6,18.24,6.2,25.64,89.04,83.17,Maize,163.6,15.01,9.83,4.28,2901.23
9.45,63.76,16.55,7.67,36.35,46.45,257.13,Soybean,389.56,1.64,10.37,2.39,4426.92
120.09,40.66,24.79,6.52,19.5,46.74,140.07,Cotton,73.41,22.98,8.71,4.75,6196.46
54.02,50.21,39.19,7.98,20.27,76.76,253.74,Wheat,248.41,8.0,6.87,5.42,2682.8
107.14,45.34,19.36,7.31,18.24,49.63,185.46,Cotton,89.42,20.5,8.66,5.04,4618.75
65.92,36.34,23.06,5.02,25.11,80.97,83.64,Maize,55.25,13.39,6.22,4.16,3788.43
64.32,39.05,40.67,5.63,28.07,54.28,212.38,Rice,295.7,9.99,5.64,6.33,2782.47
75.78,46.91,37.29,6.28,31.74,96.6,166.99,Wheat,101.64,22.69,15.76,10.72,3331.55
16.8,59.06,19.38,6.28,20.08,59.26,181.95,Soybean,159.28,4.38,21.31,5.07,5646.92
88.13,43.85,49.35,5.58,15.69,71.05,313.96,Wheat,144.14,13.63,7.34,6.73,5210.53
76.14,50.28,42.9,4.91,16.54,58.82,274.67,Wheat,359.24,23.06,13.88,12.76,2541.42
78.34,38.84,17.96,5.17,15.85,40.26,209.99,Maize,148.22,18.38,8.36,3.93,2487.05
15.48,59.2,18.04,5.22,24.49,65.3,122.02,Soybean,254.9,4.24,16.63,5.68,2954.05
88.29,51.16,47.2,5.63,28.78,57.44,298.46,Wheat,202.34,13.24,8.45,7.32,3429.74
63.09,47.09,43.07,6.16,16.39,77.78,67.6,Wheat,296.83,13.63,8.53,6.54,4094.66
24.65,62.14,19.53,5.52,22.93,97.46,219.91,Soybean,441.13,5.12,12.74,4.45,4949.45
86.95,41.93,38.25,5.14,23.46,58.08,223.14,Rice,478.75,12.39,7.49,5.17,4787.48
42.55,54.09,23.42,7.13,28.13,44.57,141.56,Soybean,199.27,9.22,11.39,4.14,6014.66
110.54,57.52,20.88,6.6,22.08,55.25,233.05,Cotton,77.51,25.06,8.89,4.68,4954.11
12.67,66.02,20.74,7.26,27.28,78.45,220.68,Soybean,381.62,2.7,14.44,4.25,5104.65
85.04,36.06,18.29,7.88,29.38,73.32,227.48,Maize,243.98,15.28,5.31,2.69,5563.11
115.26,59.81,21.14,6.0,27.04,76.96,248.53,Cotton,295.77,23.16,10.09,4.25,4499.45
98.74,51.53,33.94,7.76,30.88,70.55,304.44,Wheat,250.9,18.68,9.97,8.05,2983.05
13.25,60.7,17.68,6.26,18.68,51.36,213.16,Soybean,157.29,2.04,9.19,2.93,4734.51
75.08,70.59,45.68,5.49,22.5,73.44,179.59,Wheat,106.61,10.81,9.74,6.07,2535.11
99.98,44.47,18.7,5.56,17.81,82.54,161.06,Cotton,241.67,19.31,10.66,3.33,4576.63
16.8,65.58,20.67,5.19,20.6,46.66,211.83,Soybean,128.69,2.21,8.66,2.98,4217.91
75.1,43.95,43.46,7.93,30.98,81.96,88.5,Rice,205.67,24.99,11.85,10.38,4000.33
91.55,53.29,47.65,7.52,17.12,92.12,109.32,Rice,420.15,10.85,9.13,5.51,2099.95
66.95,46.59,40.51,7.16,29.25,80.97,169.49,Wheat,115.54,23.54,13.25,10.86,3539.55
74.95,34.58,40.26,7.11,23.5,76.12,203.38,Rice,135.46,10.44,5.77,5.65,4300.55
16.08,70.35,17.57,6.08,30.06,51.24,50.88,Soybean,132.23,2.5,9.81,2.04,4005.76
95.96,45.5,21.88,7.36,21.23,67.64,131.4,Maize,134.26,19.15,11.53,4.17,5677.35
65.98,40.08,40.24,5.1,30.21,89.28,78.5,Wheat,290.44,21.13,15.13,14.7,6040.39
100.86,42.07,16.11,6.23,32.06,72.64,265.0,Cotton,375.82,20.28,8.44,2.87,4062.29
24.35,65.77,20.01,5.93,23.21,80.73,159.02,Soybean,414.45,6.49,18.83,5.89,2831.53
12.93,70.58,24.12,7.25,31.83,51.96,212.1,Soybean,150.1,2.34,11.97,3.47,5426.39
119.36,36.27,21.83,6.38,14.34,66.11,130.71,Cotton,507.94,20.44,7.73,5.64,6087.4
83.97,37.43,46.0,7.63,22.89,76.55,115.7,Wheat,136.42,17.48,7.27,7.59,5244.51
64.04,51.57,16.31,6.64,23.47,73.12,104.06,Maize,87.53,7.72,7.92,2.64,5552.23
96.31,69.31,43.59,7.08,13.78,58.28,235.16,Rice,114.12,25.89,21.41,11.32,4619.13
11.21,68.71,18.26,7.54,22.71,55.53,227.99,Soybean,302.64,1.97,9.0,3.19,5427.85
88.58,40.19,42.91,6.0,17.19,57.61,91.8,Rice,375.67,27.34,14.19,11.17,1928.8
27.04,69.52,19.29,6.79,22.16,94.3,172.21,Soybean,364.05,7.87,19.16,6.02,2384.51
72.44,40.99,22.3,6.54,19.86,96.28,267.08,Maize,331.99,23.26,14.0,6.5,4574.52
48.49,66.59,20.39,7.96,26.68,52.6,134.52,Soybean,173.34,14.81,18.38,6.7,3027.69
85.46,35.95,16.94,6.73,25.07,71.09,101.58,Maize,222.54,18.07,7.28,3.79,2545.48
139.29,46.47,20.4,7.3,27.75,81.07,190.16,Cotton,154.78,49.63,12.82,5.18,2333.51
81.42,49.4,25.06,7.57,23.81,38.27,57.54,Maize,161.68,12.03,8.23,3.01,2948.98
30.28,66.42,17.4,6.01,25.19,44.09,237.76,Soybean,191.98,8.69,20.74,4.47,4367.62
114.06,41.6,15.06,6.61,15.8,93.02,235.74,Cotton,205.17,16.08,6.91,2.81,5014.84
12.67,53.24,22.08,7.83,22.06,61.02,326.9,Soybean,420.48,3.21,19.06,6.07,3228.05
89.22,45.53,37.25,6.17,17.86,78.54,68.3,Wheat,205.12,11.44,6.16,6.19,4618.19
125.68,39.2,17.48,7.01,21.49,41.18,246.05,Cotton,462.98,17.51,7.14,3.28,4004.79
37.76,69.83,21.92,7.53,26.0,45.52,138.52,Soybean,189.54,13.03,17.04,7.45,3474.64
60.43,55.82,38.38,5.56,29.16,44.53,84.18,Rice,90.2,12.07,9.04,9.22,2971.4
81.93,38.44,19.16,6.28,33.26,67.9,241.65,Maize,213.44,13.35,4.66,2.31,4484.88
108.52,56.06,22.44,7.68,26.84,86.03,233.12,Cotton,299.72,21.87,11.6,4.21,3669.94
79.88,46.65,37.12,6.95,17.34,40.92,62.81,Rice,114.0,23.2,11.69,12.53,5462.28
23.88,65.52,17.8,5.74,24.06,88.56,188.21,Soybean,436.12,7.64,19.04,5.96,2702.07
78.01,53.18,24.25,6.09,30.37,38.96,109.75,Maize,502.08,24.3,13.08,6.44,5286.96
66.67,54.43,36.49,6.57,26.41,49.45,127.78,Rice,205.29,14.81,12.82,6.46,3352.66
116.92,43.05,16.96,5.31,19.44,87.13,171.52,Cotton,299.38,22.78,10.01,3.67,5067.76
105.4,47.68,20.98,6.59,18.38,55.62,59.43,Cotton,106.59,23.32,9.54,3.82,5369.85
72.27,40.43,49.83,7.5,22.41,66.19,271.94,Rice,186.22,26.83,11.55,12.56,3789.67
18.85,50.61,18.04,6.28,26.11,71.55,114.02,Soybean,364.99,5.57,15.05,5.41,2865.38
83.94,70.8,15.24,6.68,29.92,41.19,119.96,Maize,215.13,15.06,11.55,3.14,3946.32
81.89,46.17,43.18,6.74,20.78,81.74,208.72,Wheat,287.3,17.06,7.79,7.78,2071.19
90.34,37.55,21.72,6.92,20.82,61.17,203.95,Maize,272.93,12.56,4.38,2.68,3814.17
114.54,54.68,14.71,5.3,26.52,77.83,102.26,Cotton,159.68,20.01,6.74,2.49,5169.98
108.03,59.05,36.88,6.84,30.75,64.02,269.94,Wheat,227.55,22.04,10.81,8.55,3042.63
98.61,56.11,21.16,5.58,35.87,73.08,167.07,Cotton,233.54,19.74,9.45,3.71,2234.47
91.01,37.14,37.85,6.73,21.01,67.62,241.63,Wheat,133.76,18.84,9.36,8.21,1999.82
61.95,52.95,27.39,7.57,24.54,40.24,189.52,Maize,502.1,15.78,10.91,5.14,5465.69
111.47,48.9,29.08,5.98,26.71,73.62,227.22,Cotton,242.06,15.88,8.51,4.27,2422.08
82.78,53.64,18.85,8.19,21.89,70.27,79.38,Maize,155.11,24.79,13.9,5.48,5121.61
88.22,37.51,42.93,7.96,17.51,67.27,141.62,Wheat,60.36,24.13,9.72,12.64,4115.13
118.49,41.48,19.01,5.23,19.64,51.24,150.2,Maize,174.63,35.55,13.77,4.54,2567.58
10.87,53.86,25.13,7.08,19.57,85.61,134.33,Soybean,279.44,2.31,13.52,4.25,4452.61
99.54,48.72,44.07,7.47,22.55,74.38,69.28,Wheat,266.62,12.34,9.14,5.96,3204.57
104.73,54.89,18.63,8.38,35.38,39.8,270.14,Cotton,91.15,18.57,6.61,2.82,4316.03
83.91,42.93,40.86,7.13,26.5,74.08,164.24,Wheat,91.61,22.38,13.04,10.58,3298.01
81.66,36.72,34.02,6.94,31.12,46.3,288.09,Rice,205.69,12.57,7.36,6.93,3666.82
89.06,56.29,21.78,7.65,32.98,78.81,91.48,Maize,307.87,15.56,11.27,3.92,4950.3
36.34,70.91,18.29,7.69,16.72,49.55,88.34,Soybean,225.7,7.32,16.45,3.58,5392.22
17.45,59.68,14.07,5.47,32.38,78.27,260.22,Soybean,73.75,2.5,9.43,2.35,3427.03
30.16,66.77,20.83,6.39,27.5,78.47,97.22,Soybean,155.33,6.1,12.55,3.94,3022.87
100.52,56.85,26.64,6.97,27.22,49.83,196.74,Maize,206.59,13.99,7.38,3.69,3766.17
125.57,57.9,14.63,5.78,28.62,52.98,178.84,Cotton,212.64,35.39,15.86,4.34,3126.66
82.74,54.29,19.7,5.66,29.79,64.9,102.48,Maize,141.35,18.33,11.63,4.34,3251.22
83.44,47.31,38.19,6.7,29.86,69.36,213.4,Wheat,139.98,12.74,10.06,7.87,4283.22
91.51,49.16,21.55,7.04,18.89,65.11,273.23,Maize,135.04,11.96,6.87,3.36,2033.86
102.66,42.58,19.39,6.5,17.21,43.26,55.22,Cotton,103.14,21.22,10.37,4.07,6306.33
67.76,50.08,42.5,5.0,25.44,50.08,161.34,Wheat,208.23,13.68,11.89,8.59,3999.41
73.64,48.38,46.95,6.1,17.38,84.53,122.37,Rice,407.71,14.0,9.18,6.16,2034.99
82.68,47.7,19.28,6.06,31.43,67.59,222.07,Maize,187.07,14.5,6.64,2.67,4760.01
83.21,58.28,46.91,8.3,22.37,77.27,78.07,Wheat,135.74,29.11,15.91,12.34,5514.94
15.73,49.62,20.37,5.67,22.48,69.27,150.75,Soybean,366.3,5.75,18.78,5.99,3474.82
96.52,64.07,45.77,7.35,15.55,64.01,118.28,Wheat,133.28,26.43,14.95,11.69,4876.53
3.68,61.75,20.56,6.6,23.14,86.6,136.58,Soybean,229.07,0.5,9.45,2.77,5118.9
10.92,69.86,21.74,6.44,20.03,52.91,71.46,Soybean,355.92,2.24,16.25,4.24,5807.23
29.42,58.66,22.58,7.51,31.95,88.2,308.72,Soybean,253.65,5.92,11.55,4.11,4322.18
84.8,38.01,45.62,5.68,36.03,69.28,166.36,Wheat,192.86,13.29,7.08,8.0,3277.79
76.58,45.1,44.7,6.03,36.19,70.04,162.16,Wheat,221.39,11.54,7.92,6.48,5358.92
125.09,45.53,19.96,7.23,28.45,65.57,295.23,Cotton,230.5,35.76,16.44,5.58,2333.84
109.91,46.25,18.94,6.94,19.34,39.59,253.9,Cotton,426.28,19.91,7.61,3.24,3333.67
103.01,54.14,25.23,6.25,26.06,59.26,193.83,Cotton,242.02,14.95,8.49,3.84,2394.46
5.8,75.62,19.81,6.72,24.78,67.94,216.65,Soybean,416.05,1.91,21.74,5.53,4081.14
37.59,59.52,19.84,7.02,31.36,49.03,141.1,Soybean,197.36,8.73,13.09,3.75,4593.25
121.0,36.44,17.0,7.46,29.65,57.01,74.52,Cotton,189.45,27.16,7.17,3.56,3246.93
92.52,52.87,36.3,6.34,28.99,52.62,131.98,Wheat,246.49,16.35,12.02,7.87,4240.89
92.66,57.31,21.21,6.59,17.11,82.76,104.62,Maize,161.51,19.06,9.29,3.6,5152.35
70.91,53.19,38.34,5.42,14.31,46.99,277.51,Wheat,417.94,28.24,14.21,11.35,2413.41
34.81,77.54,19.21,6.5,32.26,68.02,248.54,Soybean,269.44,10.45,21.88,4.98,2255.28
64.8,35.12,43.3,5.83,16.31,71.68,178.01,Wheat,282.05,11.45,4.84,6.37,5102.04
6.69,76.35,21.06,6.66,23.37,73.05,238.82,Soybean,121.6,1.15,12.29,2.96,5433.54
13.43,67.46,22.7,8.33,20.08,78.33,130.47,Soybean,250.85,2.7,13.0,4.71,4133.68
86.69,56.92,38.92,5.76,27.74,38.72,239.02,Rice,344.54,13.78,7.83,7.16,2280.77
128.29,51.47,18.62,5.79,29.22,82.43,230.46,Cotton,340.31,23.43,11.29,4.35,2615.45
97.03,54.29,22.84,7.61,15.47,55.96,149.37,Maize,287.09,13.85,9.38,2.99,3081.65
97.03,34.17,34.96,5.18,21.12,48.58,213.64,Wheat,196.03,12.8,5.66,6.7,4476.55
87.05,51.3,43.82,7.38,21.98,84.62,70.76,Rice,244.24,26.42,14.98,13.05,2403.78
76.6,67.03,43.57,6.06,35.1,50.58,266.18,Wheat,506.03,13.41,8.13,5.8,3153.85
13.75,78.24,20.23,6.87,27.41,67.31,278.93,Soybean,423.92,2.63,11.76,4.15,5411.81
75.36,56.9,35.93,5.73,21.77,52.68,223.66,Wheat,127.2,22.82,16.77,10.12,4689.38
8.52,81.69,21.38,7.72,25.32,64.07,250.76,Soybean,485.51,0.96,11.33,3.1,4876.58
72.17,52.48,40.09,5.49,24.93,75.47,248.82,Rice,175.96,18.61,12.16,8.29,2424.34
73.66,44.06,16.15,7.23,22.53,70.33,73.14,Maize,161.85,22.22,13.04,4.46,5427.67
134.9,48.23,21.31,6.94,33.54,84.48,145.22,Cotton,437.81,24.61,9.34,4.97,3412.94
79.6,43.31,16.98,7.1,19.92,61.58,65.63,Maize,171.55,24.24,14.54,4.89,5719.39
133.13,39.81,21.99,6.06,17.76,39.03,178.53,Cotton,135.17,34.83,12.6,6.31,2203.13
73.78,52.25,36.24,7.6,31.42,62.09,249.01,Wheat,104.61,12.97,6.02,5.83,4067.3
102.46,49.59,32.65,6.71,24.69,50.28,220.84,Wheat,116.18,17.58,7.86,5.9,4438.8
58.08,40.16,14.15,7.28,22.51,77.76,331.36,Maize,351.9,17.53,11.37,4.64,6078.3
22.52,70.02,15.59,6.11,22.21,74.55,205.98,Soybean,176.1,7.6,22.51,4.85,4055.3
133.05,53.77,20.29,6.73,30.95,35.5,100.61,Cotton,102.77,23.75,12.37,4.29,4059.37
92.49,58.7,38.47,6.97,24.53,71.17,283.36,Wheat,128.26,25.57,16.81,10.54,4458.15
94.94,56.88,38.9,7.2,22.55,80.97,81.64,Wheat,173.37,26.89,15.25,11.03,5676.66
126.31,46.93,19.87,7.09,29.43,46.99,164.39,Cotton,394.03,28.3,8.38,3.84,3860.12
72.46,48.33,15.21,6.23,24.62,98.24,111.7,Maize,183.38,17.42,10.05,3.02,2324.6
121.24,46.6,20.01,8.4,17.39,69.53,190.87,Cotton,313.94,16.92,8.27,3.59,2092.36
87.99,72.23,26.34,6.86,17.29,66.84,281.21,Maize,195.84,22.11,19.05,6.11,3880.56
114.93,48.02,14.74,6.6,13.67,54.62,279.34,Cotton,227.09,23.67,8.53,2.86,2903.7
75.54,53.07,38.03,6.88,17.99,67.05,147.31,Wheat,143.41,24.71,17.92,13.17,4592.38
19.43,73.79,20.1,5.91,27.21,81.46,315.15,Soybean,182.65,3.84,11.79,4.59,2680.93
114.73,47.1,22.68,7.14,25.72,60.21,305.91,Cotton,286.2,18.61,7.0,3.54,3735.78
85.25,43.0,40.26,7.43,26.63,76.19,177.23,Rice,203.94,21.91,11.69,14.01,4757.18
83.6,44.35,19.83,5.73,14.99,60.05,233.07,Maize,196.97,20.11,17.0,5.96,1867.88
16.36,57.27,19.28,7.15,25.91,78.67,156.66,Soybean,478.88,5.04,20.36,6.73,3029.78
139.0,51.73,20.32,5.53,18.28,34.69,242.71,Cotton,353.36,20.66,8.81,3.05,3160.21
118.99,40.35,21.32,6.78,17.33,66.35,238.56,Cotton,93.52,23.1,6.82,3.51,5403.53
11.42,51.49,26.98,7.63,20.38,49.1,111.61,Soybean,327.99,2.11,10.48,5.42,4985.08
14.68,56.34,23.5,5.68,19.15,87.85,310.64,Soybean,123.58,4.81,17.72,7.08,3930.22
79.4,50.12,18.27,5.9,20.29,62.26,234.95,Maize,129.08,13.55,7.81,2.82,2103.59
74.28,48.83,49.4,5.91,23.27,38.75,270.98,Rice,432.35,13.15,7.54,7.56,2459.41
79.56,53.82,15.26,5.43,24.16,76.03,110.42,Maize,185.45,16.18,9.24,2.52,1961.01
106.84,53.92,21.84,7.24,19.19,85.07,147.17,Cotton,130.15,22.42,9.99,5.2,4571.6
28.74,72.97,15.09,6.62,28.06,84.0,102.27,Soybean,174.68,5.21,8.9,1.91,2514.97
77.01,32.88,35.81,6.38,28.98,67.14,149.62,Rice,62.72,23.56,10.94,11.21,3374.18
84.52,67.94,19.68,5.69,17.53,63.98,90.63,Maize,196.25,11.38,10.63,3.34,3817.74
63.43,47.75,23.64,7.43,31.13,101.27,193.73,Maize,124.21,14.34,8.17,4.98,6529.57
92.64,52.4,43.55,6.78,24.29,67.4,251.68,Rice,222.98,14.76,7.45,6.51,4065.27
71.11,58.84,22.85,5.44,17.18,72.8,86.47,Maize,250.26,13.44,9.41,2.88,4857.22
53.6,46.34,40.23,4.98,15.15,88.35,54.78,Rice,115.7,18.13,16.57,11.2,2868.13
111.05,45.05,19.69,7.14,20.45,53.84,238.66,Cotton,263.33,26.75,8.17,4.07,2255.78
83.49,39.66,43.11,5.99,24.83,70.24,262.81,Rice,185.55,26.9,13.15,13.28,3173.64
75.77,36.75,42.94,7.49,27.67,77.93,155.46,Rice,190.26,26.12,13.28,14.9,4724.86
67.48,46.66,15.22,5.88,16.62,53.31,314.35,Maize,457.16,18.32,11.52,4.19,2847.37
71.39,41.98,37.34,6.36,32.71,77.67,78.58,Rice,510.52,10.03,8.34,5.06,4907.1
13.42,66.42,16.45,6.26,21.46,73.62,176.24,Soybean,462.04,5.09,22.67,4.67,6377.81
121.81,47.34,20.23,5.63,28.58,78.06,189.16,Cotton,315.31,26.1,8.78,4.07,2252.83
112.6,36.21,39.47,5.34,23.46,50.05,261.59,Rice,120.06,28.12,10.86,9.23,5229.98
70.34,57.8,20.31,5.81,25.99,88.52,89.08,Maize,215.09,14.15,9.56,3.37,2480.1
82.01,54.7,37.38,7.4,23.05,75.51,71.78,Wheat,264.71,13.45,8.39,6.6,3258.36
84.91,44.81,17.64,7.76,24.05,78.69,52.6,Maize,194.76,24.6,12.57,6.08,4905.06
96.01,43.3,50.97,6.32,18.06,83.13,320.05,Wheat,137.36,15.01,5.99,5.97,5999.45
102.13,33.28,13.61,6.77,24.59,82.18,237.46,Cotton,229.74,22.58,8.67,2.86,2292.21
88.19,37.43,29.37,7.27,26.13,87.23,279.42,Rice,218.99,27.74,11.17,9.26,4004.61
74.75,63.76,40.3,7.43,24.28,45.17,60.77,Wheat,228.01,16.14,12.38,7.09,3224.98
24.81,69.59,19.44,6.22,21.31,78.7,196.39,Soybean,83.93,3.73,8.44,3.85,6049.32
29.84,48.98,19.07,4.87,16.3,85.13,227.7,Soybean,458.47,10.36,18.69,6.73,5061.72
73.73,46.92,43.25,7.84,23.23,53.46,63.24,Rice,104.54,22.5,16.39,10.34,3225.46
125.27,38.12,26.09,6.38,18.34,47.41,143.44,Cotton,94.52,21.9,8.15,4.57,2743.03
87.21,41.22,24.15,6.14,24.47,54.36,198.56,Maize,175.56,13.67,5.62,3.62,2091.03
65.64,45.34,41.85,5.26,28.89,79.11,184.41,Wheat,131.64,11.45,7.0,6.07,5077.92
89.18,47.76,41.06,7.12,22.62,79.93,118.3,Rice,126.03,24.35,11.0,10.31,3317.15
130.34,62.04,24.62,5.71,30.67,51.53,147.12,Cotton,179.04,44.66,19.19,7.9,5729.27
26.24,53.81,16.71,6.58,25.75,55.85,167.87,Soybean,194.52,7.25,16.99,5.37,5624.09
118.61,52.12,19.3,7.73,31.61,44.64,137.95,Cotton,238.14,19.23,8.49,2.83,2683.4
81.25,45.17,35.97,6.69,23.76,73.97,233.44,Wheat,80.01,21.53,12.46,12.0,6395.66
20.18,70.0,22.65,5.83,26.75,56.11,205.97,Soybean,136.48,4.26,15.42,4.72,5042.17
81.99,45.2,45.15,5.0,15.24,73.08,127.07,Rice,166.73,12.87,5.77,6.06,2768.34
103.8,34.32,41.68,6.14,20.62,66.99,333.46,Rice,405.33,15.54,8.21,6.99,2556.7
65.44,52.98,43.04,5.17,16.56,75.77,54.73,Rice,111.39,16.05,14.61,12.19,3380.58
109.56,41.67,16.85,6.27,14.12,55.0,280.49,Cotton,279.22,19.53,7.72,3.62,2960.51
29.7,76.22,22.66,6.64,24.01,42.71,153.28,Soybean,115.48,4.79,11.14,3.18,1930.04
70.62,35.85,35.98,6.39,27.68,66.0,84.88,Rice,295.27,12.16,7.39,7.57,5014.9
30.55,59.45,21.68,7.28,16.26,74.61,87.04,Soybean,355.31,4.03,9.02,3.4,3804.23
82.27,50.08,38.65,5.86,25.18,38.54,323.88,Rice,171.06,28.59,14.22,12.99,4385.51
92.94,40.46,37.6,7.45,22.1,60.66,233.96,Wheat,147.3,17.63,8.36,7.13,2439.12
7.48,68.15,23.51,5.94,20.19,83.72,251.23,Soybean,347.53,1.55,13.43,3.68,4912.12
75.13,59.37,16.68,6.08,24.58,78.43,292.86,Maize,91.85,12.64,7.81,2.68,5874.48
96.16,41.17,49.81,5.82,19.64,39.17,275.25,Wheat,68.03,18.76,8.25,8.69,2732.84
61.26,52.05,38.18,5.63,32.03,60.91,248.41,Wheat,117.0,13.85,10.8,7.09,3366.84
74.2,57.15,42.45,7.2,27.87,55.73,204.2,Wheat,119.55,19.4,17.87,11.28,3675.83
69.42,37.25,21.03,6.26,24.44,51.57,259.53,Maize,320.91,17.34,12.33,5.7,5393.54
66.77,52.34,18.38,6.34,21.51,84.05,87.86,Maize,208.78,18.77,19.52,5.24,5353.21
135.11,40.23,15.71,6.96,26.41,74.5,242.91,Cotton,54.69,16.16,6.78,2.0,4095.12
60.6,50.53,32.29,6.89,28.18,70.51,88.26,Rice,573.44,10.83,7.36,6.06,4076.98
91.57,54.49,16.67,6.37,25.81,91.08,97.39,Maize,269.93,12.76,8.4,2.68,3113.71
75.98,47.73,36.4,6.45,30.48,85.81,141.67,Wheat,161.27,22.32,11.42,12.28,4562.58
116.85,41.53,15.8,6.67,22.19,53.83,247.99,Cotton,333.69,23.94,9.25,3.63,2354.7
95.09,44.1,19.62,5.52,19.13,77.48,127.63,Maize,143.28,18.66,9.02,4.48,6561.82
109.14,40.37,16.88,6.7,23.61,62.66,281.13,Cotton,269.31,28.1,8.78,3.21,2127.32
67.24,49.51,30.7,7.92,33.96,70.74,88.9,Rice,352.81,13.79,7.89,7.3,4144.8
9.83,57.4,22.02,6.54,19.38,83.09,227.58,Soybean,182.66,1.87,12.39,5.23,3637.79
42.6,70.06,18.71,6.27,17.57,82.94,87.84,Soybean,196.3,11.72,17.44,6.44,5062.13
91.89,41.79,44.12,6.45,23.8,49.81,199.75,Rice,241.48,13.26,7.09,6.42,4179.86
90.32,62.5,42.96,6.34,22.99,64.59,130.17,Rice,258.33,10.31,9.29,6.01,5937.27
6.68,77.65,23.32,7.06,26.66,60.67,214.82,Soybean,398.27,0.99,11.88,3.5,4674.72
80.29,49.65,18.86,7.33,32.24,73.01,100.46,Maize,172.52,17.86,11.9,3.24,3107.07
20.17,68.82,21.45,6.55,28.47,71.93,305.55,Soybean,207.76,4.72,15.29,4.16,2956.13
101.47,37.87,15.26,7.27,28.9,52.6,265.02,Maize,294.27,13.36,7.57,2.65,5472.98
132.36,38.17,22.61,6.05,17.01,55.63,64.53,Cotton,211.8,23.5,8.78,4.02,2301.81
28.77,65.87,20.22,7.37,21.46,51.99,307.44,Soybean,177.13,5.99,14.43,3.49,6520.34
89.79,38.34,23.11,6.91,29.28,78.54,211.58,Maize,308.94,26.09,11.1,8.03,4043.39
89.44,64.42,48.6,6.11,24.21,91.05,223.93,Wheat,263.24,12.67,8.44,6.07,3584.63
29.05,73.1,12.41,5.86,20.27,49.45,194.65,Soybean,123.56,8.82,21.32,3.26,4566.54
107.13,36.03,20.01,6.35,15.57,101.53,158.88,Cotton,134.71,22.28,7.23,3.89,5088.07
31.07,73.91,12.74,6.65,27.64,74.15,119.83,Soybean,195.01,5.33,10.76,1.78,2126.17
106.25,55.3,17.47,7.09,35.78,71.53,153.52,Cotton,219.28,18.8,9.04,4.17,2190.79
66.79,45.6,20.69,6.5,20.65,66.21,143.88,Maize,232.13,10.85,7.68,3.5,5669.87
73.57,55.61,17.59,7.73,23.26,61.35,292.08,Maize,169.77,9.03,8.61,3.23,2385.13
97.05,56.61,39.96,7.59,24.02,67.61,170.64,Wheat,130.84,29.13,16.42,10.27,2676.77
68.34,46.38,22.14,6.76,29.56,44.57,194.99,Maize,209.88,8.76,7.87,3.37,3213.28
97.87,39.56,19.4,6.76,32.07,55.98,180.84,Maize,262.54,27.36,12.66,6.26,3842.05
46.37,74.4,22.09,6.55,33.45,79.0,49.9,Soybean,502.9,10.08,16.81,4.78,5391.86
93.07,34.59,16.45,6.3,26.58,77.75,212.91,Maize,228.6,12.25,5.31,2.67,5485.44
71.62,41.14,19.28,6.93,25.91,90.39,51.23,Maize,213.39,23.91,12.23,6.43,5494.51
32.79,73.12,22.06,7.28,28.31,81.0,274.63,Soybean,318.9,10.18,20.94,5.18,2278.96
83.48,45.92,35.9,5.89,26.71,52.79,269.34,Rice,570.92,13.31,7.11,6.13,4341.17
72.72,41.12,23.88,5.96,19.53,61.86,116.04,Maize,256.85,23.36,14.27,7.12,5215.56
26.3,52.53,15.28,6.18,22.56,47.4,140.5,Soybean,217.69,7.58,18.79,5.13,4894.98
80.85,64.97,43.16,5.15,28.96,40.18,214.59,Rice,485.3,21.02,19.68,12.39,2878.14
121.3,47.85,23.92,5.77,22.53,66.15,193.07,Cotton,113.8,33.79,13.01,6.89,4590.81
82.18,45.77,48.11,6.11,19.56,38.98,93.47,Rice,83.02,14.24,10.02,8.74,2684.59
13.52,62.77,18.16,6.03,27.8,55.11,245.51,Soybean,313.82,1.76,11.17,3.13,5711.07
97.9,35.22,16.03,6.86,19.86,36.62,234.11,Cotton,266.12,35.66,11.25,4.23,5581.88
25.72,73.11,20.42,6.43,31.76,77.74,189.67,Soybean,174.88,4.12,10.97,2.49,5204.26
77.01,73.26,37.12,5.65,17.51,59.22,216.46,Rice,118.89,25.67,21.8,12.15,3895.69
119.19,51.71,17.89,6.82,33.99,49.07,187.17,Cotton,600.14,29.13,9.24,3.58,3850.9
84.18,37.37,45.11,7.54,24.44,74.75,238.48,Rice,191.64,26.74,11.47,14.58,3732.43
77.66,44.32,32.05,8.06,29.27,73.19,241.65,Rice,209.68,24.78,10.23,10.44,3267.71
97.39,44.78,18.0,6.95,16.16,58.73,256.43,Cotton,237.54,22.24,9.25,3.21,2989.58
68.27,51.29,34.58,8.11,20.9,76.77,60.2,Wheat,109.66,10.14,7.94,4.82,6444.38
128.33,68.2,22.68,6.52,26.16,63.92,161.09,Cotton,233.8,39.51,18.69,6.23,3436.57
147.78,36.4,16.65,8.25,17.8,38.16,110.68,Cotton,272.13,29.07,8.23,2.66,6042.16
12.96,63.54,16.87,5.04,27.85,47.4,221.7,Soybean,359.31,2.77,13.13,3.73,2911.13
77.46,57.57,41.73,7.02,24.83,65.28,304.13,Wheat,206.96,12.5,8.25,6.94,3914.44
63.8,51.39,41.96,6.52,19.32,39.03,174.34,Rice,452.49,9.42,7.61,6.41,3520.44
122.56,26.53,17.43,6.33,18.86,67.1,228.28,Cotton,226.36,36.95,8.77,4.99,2397.32
87.94,53.91,37.99,7.08,27.41,42.0,255.18,Wheat,117.81,16.3,8.38,6.11,4217.62
125.99,43.24,30.99,5.21,26.31,68.32,216.8,Cotton,127.95,20.23,7.5,3.98,3258.3
80.59,38.13,40.44,6.55,32.23,80.49,172.77,Wheat,189.32,23.53,14.15,10.46,4656.16
133.22,44.32,19.79,6.49,15.54,103.39,188.93,Cotton,164.08,23.79,7.51,4.87,5237.43
126.31,49.74,9.66,7.45,16.22,81.57,203.54,Cotton,81.11,17.27,7.97,1.94,2228.79
77.11,59.22,15.66,5.33,30.79,50.09,268.73,Maize,324.77,12.49,9.14,2.7,5094.19
121.09,44.02,25.57,5.57,18.78,65.09,159.68,Cotton,447.3,22.07,8.15,5.39,5064.88
62.17,45.6,19.38,6.66,27.17,51.71,186.5,Maize,162.05,9.3,7.79,3.12,3833.5
66.65,65.27,39.05,6.83,20.89,67.7,157.46,Wheat,92.97,10.82,9.38,6.61,2606.96
129.56,56.58,10.69,6.11,19.58,42.97,183.23,Cotton,284.17,24.68,10.46,2.17,5262.23
51.67,60.2,20.85,6.62,18.18,84.75,123.69,Maize,268.33,12.5,13.51,4.16,3563.67
73.55,52.9,41.71,5.42,26.66,61.14,176.95,Wheat,143.3,12.3,6.27,6.81,4459.04
119.01,48.8,22.88,5.17,21.03,43.32,245.59,Cotton,307.41,36.71,15.84,6.57,5951.59
82.85,68.6,20.24,7.95,26.59,78.94,160.69,Maize,542.43,9.73,9.09,3.48,2454.62
101.87,51.92,15.57,6.39,18.2,63.3,257.34,Maize,136.84,34.32,18.0,4.15,2514.5
13.66,66.52,20.35,5.47,31.3,51.26,220.65,Soybean,352.43,2.72,13.2,3.8,3280.39
74.15,39.59,20.47,6.18,19.67,60.3,299.65,Maize,121.01,12.94,6.7,2.77,2328.69
72.83,36.66,37.45,5.4,32.87,57.61,75.38,Rice,458.69,20.57,12.36,11.3,1957.85
111.68,51.65,20.89,6.89,33.12,90.07,223.9,Cotton,330.71,24.91,9.2,3.9,2567.13
87.92,61.65,38.84,5.99,14.77,67.36,191.4,Rice,104.1,21.64,19.05,11.91,4220.32
86.92,46.89,40.6,7.44,26.42,80.62,234.71,Wheat,205.13,26.07,11.13,13.74,4682.72
145.45,40.67,13.63,6.59,17.12,42.6,127.53,Cotton,227.35,23.96,7.59,3.02,5470.16
25.49,69.42,20.31,5.27,23.28,68.51,177.5,Soybean,97.81,3.27,9.08,3.25,5941.57
129.3,41.28,25.56,6.79,19.16,47.47,111.38,Cotton,363.73,20.2,9.79,4.99,5188.4
100.2,51.11,42.28,6.13,17.12,63.58,274.81,Wheat,145.61,28.37,15.01,14.91,2858.09
66.23,56.21,24.77,8.51,18.54,42.21,51.19,Maize,149.04,9.92,7.77,3.36,2881.27
33.52,75.63,20.29,6.37,27.18,85.07,177.36,Soybean,129.2,9.91,20.55,6.24,4386.57
70.3,35.72,46.1,5.68,18.62,68.03,268.75,Rice,308.88,9.35,5.28,6.61,4014.52
81.11,53.17,15.42,6.55,22.42,77.23,285.78,Maize,196.11,16.13,11.04,3.62,4284.02
86.51,43.39,39.14,6.61,34.98,50.57,209.27,Wheat,135.61,15.48,8.94,6.96,4370.83
115.86,46.12,28.76,5.48,27.33,79.47,195.04,Cotton,129.59,18.95,6.27,3.98,3836.22
95.23,42.97,34.43,5.68,26.21,76.29,126.65,Rice,120.0,24.06,12.33,10.98,3426.06
79.07,45.6,35.8,7.65,27.35,72.72,69.93,Wheat,106.88,11.84,8.19,5.67,5248.4
85.6,43.48,25.54,7.07,30.68,80.81,135.72,Maize,356.41,25.57,12.85,7.26,2439.75
113.48,37.32,22.38,6.71,18.12,65.36,135.77,Cotton,443.39,19.26,7.93,5.5,5101.21
82.6,51.58,34.85,5.95,24.13,79.71,233.69,Rice,123.64,10.98,8.02,6.07,2265.03
35.76,54.11,17.45,4.92,27.38,65.25,266.07,Soybean,212.96,12.73,18.11,4.93,4504.14
90.85,34.08,39.46,7.07,27.29,73.59,229.1,Wheat,103.29,20.98,10.86,14.15,6433.65
88.3,36.53,47.25,5.37,25.83,58.43,116.12,Wheat,187.0,24.71,11.02,13.41,2630.12
85.4,51.05,34.4,8.22,26.87,82.23,120.65,Wheat,211.63,15.45,11.65,8.18,3899.03
105.93,50.52,35.88,5.93,20.54,70.94,251.38,Rice,177.12,12.48,7.16,5.74,5094.61
89.43,43.57,25.92,5.61,20.77,69.36,277.89,Maize,89.35,19.55,8.54,4.91,2622.89
32.34,47.1,20.31,6.36,21.57,83.19,113.77,Soybean,368.44,4.22,8.06,3.05,4479.15
18.64,52.84,17.48,5.36,22.52,61.38,130.77,Soybean,322.92,5.39,14.91,6.2,2752.53
74.07,47.92,52.12,5.17,24.36,83.34,190.24,Rice,204.49,15.63,11.68,8.45,2559.42
86.66,68.21,38.71,6.4,25.42,49.9,217.83,Rice,332.37,25.41,22.56,11.06,4571.01
72.35,72.49,38.09,6.36,24.46,73.64,202.9,Rice,144.07,14.05,10.78,6.98,3651.54
89.75,56.78,15.02,7.0,21.89,82.26,77.78,Maize,111.12,16.41,10.16,3.34,2623.29
83.8,62.84,39.15,7.12,27.61,89.35,241.9,Wheat,239.79,13.58,9.41,6.39,3010.12
83.69,53.15,21.32,5.14,33.6,84.74,239.81,Maize,158.02,16.26,10.36,3.45,4462.1
119.8,38.07,17.09,6.38,33.27,96.49,239.78,Cotton,53.37,35.28,10.86,5.36,5682.77
83.5,48.24,17.59,7.56,36.83,59.45,281.03,Maize,187.68,13.52,7.51,2.13,4070.67
102.4,40.82,22.55,6.88,27.6,87.25,276.38,Cotton,47.98,36.98,12.87,5.43,5282.56
95.39,52.65,24.08,6.2,22.84,76.55,132.1,Maize,143.45,23.21,11.58,3.9,5694.41
40.37,50.93,20.51,6.46,32.89,41.74,139.27,Soybean,177.93,9.04,11.55,4.09,5218.1
107.08,53.54,18.59,6.53,18.7,87.99,111.41,Maize,143.85,23.08,9.39,4.16,5798.76
77.16,54.04,21.89,7.5,19.5,71.2,174.23,Maize,214.16,9.03,7.84,3.51,6749.91
71.39,58.59,19.76,6.09,23.04,52.9,292.76,Maize,242.51,19.93,16.49,6.42,5067.53
88.78,58.46,20.39,5.63,21.22,59.21,84.85,Maize,241.08,12.93,8.54,3.16,4453.42
28.43,72.83,21.53,6.09,18.21,63.97,59.19,Soybean,212.11,8.0,23.07,5.9,3487.75
104.44,44.46,24.18,5.72,32.73,58.05,63.52,Maize,168.42,16.8,7.33,4.95,3478.61
40.36,90.13,30.04,6.92,16.19,70.84,284.64,Soybean,336.27,5.46,13.61,3.98,2413.89
31.64,71.09,20.26,6.75,27.87,69.8,99.34,Soybean,147.62,5.93,14.5,4.46,2713.09
76.87,52.02,15.29,6.75,29.23,51.54,289.68,Maize,474.95,25.47,15.54,4.43,2701.58
96.16,76.54,43.07,7.25,16.35,69.99,236.75,Rice,124.93,29.15,22.51,10.45,4006.67
82.49,52.78,45.37,6.85,16.96,57.96,114.64,Wheat,137.93,25.02,18.09,14.37,5621.93
86.44,44.78,35.11,6.65,27.43,73.08,105.55,Rice,126.03,30.03,14.52,9.91,2774.48
142.03,49.34,20.64,6.68,29.34,41.48,151.72,Cotton,219.58,19.92,8.54,3.06,5933.63
79.14,61.5,42.8,5.78,38.36,45.66,273.67,Wheat,448.64,12.18,7.66,6.24,3011.28
64.96,46.05,43.76,5.59,17.07,84.61,257.67,Rice,342.23,8.43,5.24,5.86,2473.0
73.57,52.3,37.69,6.37,25.77,88.86,115.51,Wheat,169.93,24.28,15.48,12.8,3937.4
87.21,54.74,44.13,6.56,22.21,75.63,54.77,Rice,248.05,24.18,12.97,12.49,2502.31
115.45,48.23,23.98,6.15,22.73,55.59,63.45,Cotton,273.8,21.61,9.67,4.63,4776.15
66.43,47.92,45.8,6.71,25.22,78.28,257.71,Rice,213.36,20.76,14.41,11.91,3520.37
90.64,48.08,48.42,6.36,22.53,79.47,118.6,Rice,78.17,29.15,17.37,12.08,3484.28
5.83,81.4,22.83,6.98,21.95,55.08,174.4,Soybean,98.66,1.21,16.63,3.9,4230.06
13.47,78.58,15.4,5.64,18.21,65.61,198.53,Soybean,354.85,4.72,21.18,5.68,6105.82
46.18,69.75,18.17,5.84,16.73,77.69,74.84,Soybean,214.51,11.81,18.62,7.05,4908.23
70.36,53.64,51.81,5.67,27.55,55.23,167.76,Wheat,162.42,12.47,10.22,8.82,3088.6
85.14,46.13,40.77,6.07,17.24,51.79,76.7,Wheat,457.51,25.13,12.23,11.85,5952.05
14.87,63.71,14.37,6.54,17.87,73.07,171.4,Soybean,403.32,4.95,18.17,5.58,5220.11
114.1,49.31,22.93,6.77,23.24,75.21,176.81,Cotton,100.91,33.85,13.45,6.63,3980.52
74.11,44.82,44.95,5.41,24.26,72.63,220.63,Wheat,81.93,23.4,16.54,15.1,6271.28
88.57,45.89,47.99,6.13,30.07,64.06,296.16,Wheat,248.29,12.09,8.13,7.22,3859.85
3.98,80.53,20.71,6.12,19.54,86.67,150.75,Soybean,267.2,0.56,11.02,2.57,4467.05
128.89,61.31,19.66,6.94,17.21,48.68,150.46,Cotton,244.17,16.74,8.45,2.84,2719.73
23.04,59.64,21.04,6.54,21.74,62.08,107.54,Soybean,219.03,4.38,13.94,4.5,4462.71
88.89,44.32,39.81,6.47,13.94,54.82,247.0,Rice,353.61,11.22,7.36,5.89,4984.48
90.18,67.6,42.0,6.55,22.02,74.72,196.28,Rice,161.32,12.06,11.68,7.23,3645.66
15.93,68.65,16.26,6.43,31.73,60.86,57.13,Soybean,145.31,2.18,9.91,2.24,3896.44
3.65,72.7,18.83,7.74,19.74,48.52,258.78,Soybean,194.12,0.67,10.78,3.11,3192.36
127.88,34.62,16.62,7.19,19.9,75.3,258.93,Cotton,205.83,22.43,6.96,4.37,2615.89
59.35,38.22,20.08,6.36,24.44,84.77,70.27,Maize,51.95,14.01,6.6,4.7,3733.4
76.96,61.54,25.14,7.77,22.6,41.36,186.75,Maize,414.27,13.07,9.87,4.27,5042.33
83.98,51.68,37.87,6.3,24.88,60.75,176.78,Wheat,145.85,10.53,7.62,5.42,4537.37
43.5,56.25,23.15,8.08,29.58,51.77,165.65,Soybean,154.23,11.65,18.61,7.07,2661.77
14.06,55.38,16.29,7.1,20.85,82.76,82.12,Soybean,83.99,2.94,11.68,2.95,3187.2
94.86,46.62,57.45,6.12,25.77,70.32,242.18,Wheat,74.31,27.53,16.95,15.39,5524.19
79.89,48.84,38.51,6.53,31.28,75.58,104.84,Rice,313.24,28.95,13.44,11.54,4618.12
61.62,44.92,39.75,6.87,21.74,58.24,68.55,Wheat,101.15,22.81,14.9,14.77,3568.41
131.54,32.18,19.42,7.74,23.64,81.31,216.67,Cotton,281.87,35.87,9.36,5.13,5241.98
59.61,40.37,33.54,6.62,27.56,64.08,293.89,Wheat,337.89,9.86,6.98,5.68,5591.98
94.98,43.34,40.47,6.43,20.76,71.8,59.19,Wheat,112.78,26.37,13.59,11.01,4132.35
97.48,39.84,42.1,5.31,20.49,63.76,65.4,Wheat,124.15,24.28,12.2,11.73,4781.64
69.28,52.61,21.36,6.41,17.04,64.77,138.3,Maize,280.92,9.49,7.38,3.19,6701.11
16.31,57.51,27.64,6.48,30.68,73.19,99.0,Soybean,198.45,4.67,15.66,7.02,5694.57
67.08,63.86,18.1,6.63,25.48,87.79,76.38,Maize,216.28,22.58,19.53,4.97,6094.43
85.66,42.65,28.9,6.67,35.85,81.76,218.49,Maize,282.69,27.98,13.07,7.51,3201.19
113.6,50.73,15.74,6.03,17.19,59.58,236.05,Maize,141.42,35.25,17.89,4.48,2530.21
91.97,42.92,42.42,7.25,28.62,87.35,301.3,Wheat,475.95,13.53,7.33,7.25,2239.53
75.28,68.62,36.89,5.96,25.48,52.13,74.49,Wheat,151.94,13.27,9.76,7.06,2691.67
59.42,57.06,19.46,6.76,39.54,78.53,281.42,Maize,296.31,15.45,19.81,6.8,3712.26
113.27,55.48,37.12,6.78,28.75,40.68,227.13,Wheat,108.49,13.5,6.64,5.17,4393.56
79.1,63.77,44.95,6.61,14.88,53.99,128.98,Rice,89.45,12.28,9.17,6.21,2441.97
119.73,52.86,22.05,6.71,26.15,87.5,201.94,Cotton,69.65,39.02,12.43,5.77,5344.57
67.12,34.21,39.76,5.38,16.9,92.23,305.87,Wheat,206.25,13.91,6.82,6.57,2615.58
77.44,45.61,35.49,6.78,35.5,96.88,68.07,Rice,291.84,12.27,9.78,6.63,6181.74
60.18,43.32,37.79,7.67,18.02,49.97,183.27,Wheat,159.71,12.44,7.77,7.97,5192.66
75.75,42.06,39.52,5.68,24.14,86.89,68.45,Wheat,175.79,12.06,6.17,6.57,5070.9
88.21,50.95,32.53,5.29,22.04,47.43,127.18,Rice,191.56,15.39,12.1,5.91,3993.04
5.97,83.05,19.17,6.49,22.63,85.88,232.42,Soybean,421.13,1.82,20.96,6.25,4928.87
69.86,60.15,18.08,5.81,26.83,48.46,287.02,Maize,204.72,20.87,16.11,5.46,4346.31
34.7,66.93,17.67,6.95,20.36,40.08,115.84,Soybean,250.2,9.64,18.9,6.08,2522.85
45.39,32.63,40.54,5.63,26.3,78.43,158.71,Wheat,346.26,6.79,5.99,6.61,5049.19
95.75,41.11,18.52,5.02,19.38,81.25,174.41,Cotton,293.47,20.93,9.1,4.23,4663.38
32.45,80.27,25.15,6.31,15.62,77.33,274.95,Soybean,321.61,5.68,12.77,3.94,2413.9
63.48,45.82,14.39,6.54,22.06,60.44,77.5,Maize,152.05,20.59,15.58,5.46,4777.73
69.39,65.13,19.89,6.81,32.22,89.22,273.8,Maize,128.36,11.67,9.02,2.69,3964.18
17.0,54.27,19.35,7.43,24.83,68.35,162.88,Soybean,445.86,5.31,21.15,6.61,3368.01
13.62,53.86,21.38,6.26,21.66,75.18,268.75,Soybean,145.05,4.45,19.29,5.7,3694.65
81.47,43.67,16.78,5.76,32.68,74.35,140.08,Maize,180.42,10.94,6.12,2.63,4213.62
64.77,42.67,22.31,8.24,34.86,90.07,153.46,Maize,353.73,22.02,13.98,8.04,3138.56
62.83,40.22,16.65,6.13,18.56,45.49,58.03,Maize,156.48,12.05,5.67,3.08,4041.15
83.82,48.01,39.15,7.32,25.17,84.6,259.76,Wheat,252.93,11.37,7.46,6.62,3368.92
68.37,56.91,17.97,5.27,24.4,75.84,308.57,Maize,112.71,12.03,8.97,2.33,5782.9
21.67,63.77,18.13,7.41,35.25,84.61,123.43,Soybean,125.02,4.3,14.17,3.74,2746.15
87.01,49.5,43.85,6.73,19.94,59.48,233.94,Rice,241.12,14.89,7.49,5.43,4995.74
100.15,58.1,39.54,6.3,23.13,66.79,64.63,Wheat,263.43,15.18,7.71,6.19,3666.52
99.14,44.51,20.94,6.95,13.02,79.31,69.78,Cotton,217.18,29.07,15.77,6.36,3287.0
77.55,46.35,18.06,6.92,28.36,75.95,64.33,Maize,255.43,10.94,7.2,3.11,4780.77
73.33,40.16,40.12,7.67,26.49,69.8,156.72,Rice,201.29,27.1,11.55,14.19,4963.75
13.59,80.38,21.69,7.25,20.64,88.33,311.0,Soybean,223.18,3.32,12.71,3.42,3835.3
109.35,41.25,15.69,5.5,20.91,40.29,201.4,Cotton,282.15,36.54,11.86,5.22,6334.55
77.66,51.59,25.92,7.56,21.67,96.81,224.42,Maize,57.68,28.6,17.8,7.81,3251.68
133.18,52.5,26.6,5.91,25.62,69.15,206.6,Cotton,156.54,14.98,6.69,3.63,4085.85
77.79,42.24,31.11,5.38,34.29,62.07,80.63,Rice,371.56,15.15,6.82,6.76,4659.53
71.52,40.58,39.06,7.48,29.34,86.65,82.91,Rice,164.77,23.15,12.44,10.85,3987.63
16.8,63.32,26.39,7.51,30.47,68.44,107.03,Soybean,186.55,5.27,19.85,7.02,5666.07
86.56,51.91,40.81,7.22,24.32,71.54,275.69,Wheat,227.59,12.46,7.23,5.47,3298.44
25.7,72.27,22.31,6.6,25.3,72.16,136.53,Soybean,181.06,4.03,11.06,2.89,2632.39
122.9,46.19,23.87,5.54,35.5,75.26,198.51,Cotton,332.9,27.33,9.03,4.81,2747.25
106.27,35.28,52.23,5.81,18.62,42.31,254.97,Wheat,70.23,19.43,8.36,10.68,2648.03
86.04,39.33,46.0,5.42,32.33,47.91,302.71,Rice,112.4,17.61,8.36,9.2,4665.82
95.63,57.12,41.97,7.23,23.38,82.1,247.0,Wheat,234.76,11.84,7.55,6.9,3095.99
88.96,55.8,38.88,7.26,20.43,49.54,65.73,Wheat,224.06,16.74,9.75,8.17,3268.06
79.46,47.71,23.63,6.04,24.53,61.91,205.64,Maize,198.29,28.7,11.8,7.5,5138.51
23.0,60.53,13.36,6.96,23.94,47.68,161.27,Soybean,175.1,5.98,19.48,5.08,5115.92
92.03,43.25,37.74,6.92,18.44,38.78,66.92,Rice,124.38,26.16,11.5,11.41,4652.05
48.32,30.77,38.77,7.33,30.19,60.58,145.42,Wheat,367.5,6.78,4.83,6.05,5026.72
75.91,60.03,17.7,6.26,22.7,64.47,273.14,Maize,171.42,17.33,13.27,3.15,5504.04
64.23,46.93,46.21,5.32,31.58,56.02,299.56,Rice,174.35,24.08,15.38,11.44,4976.09
63.69,29.45,17.68,7.61,35.69,54.05,73.67,Maize,168.47,12.25,3.67,3.26,5405.36
88.8,41.98,22.67,6.04,33.98,52.8,60.65,Maize,204.38,19.58,8.17,4.9,4212.36
65.23,46.48,40.83,7.3,30.02,50.3,242.96,Wheat,116.41,12.03,10.06,7.99,4012.8
96.62,53.57,23.95,6.73,18.76,47.52,262.97,Maize,171.82,24.9,16.02,5.73,3132.13
67.78,47.7,39.51,5.84,32.77,94.83,150.21,Wheat,202.13,20.68,13.06,13.24,4981.97
84.86,44.26,36.14,6.74,36.02,69.73,198.1,Wheat,103.4,13.64,6.92,5.55,3563.98
81.59,42.23,38.08,7.14,32.01,37.36,75.19,Wheat,173.78,20.26,11.49,12.98,6577.12
33.08,52.93,18.64,4.71,18.14,87.68,248.79,Soybean,460.82,10.17,14.36,7.06,5011.08
63.03,30.39,41.16,6.51,16.89,82.85,248.13,Wheat,248.58,13.13,5.87,7.24,2853.57
103.05,53.17,19.56,6.88,14.08,89.75,201.38,Cotton,188.88,14.63,6.23,2.35,4928.19
12.8,63.06,18.92,6.11,21.98,49.65,188.78,Soybean,141.37,2.43,7.53,2.84,4692.07
65.17,48.85,20.16,5.99,14.78,59.32,235.66,Maize,197.43,22.28,17.4,5.23,2234.79
24.92,80.5,21.5,6.55,29.54,72.73,157.53,Soybean,116.99,4.77,15.87,3.88,3645.1
88.4,36.66,22.12,6.48,20.03,64.58,186.42,Maize,236.2,17.3,8.63,4.59,1949.71
126.32,43.26,20.75,7.12,24.95,55.43,61.63,Cotton,294.38,21.3,10.54,3.63,5147.13
59.07,61.72,41.72,5.01,29.29,50.12,233.1,Rice,141.63,9.34,8.39,5.84,5823.83
16.59,65.91,17.06,7.61,27.9,80.71,165.16,Soybean,380.28,4.53,18.16,5.36,3253.88
75.0,46.72,38.13,5.77,14.15,63.6,201.15,Rice,298.99,12.62,7.43,6.02,5441.27
99.51,43.34,36.23,6.35,32.99,67.1,193.09,Rice,355.53,19.2,11.04,8.03,2175.14
86.19,61.4,19.93,5.8,33.99,74.15,80.94,Maize,178.66,14.7,9.39,3.7,3080.46
68.6,58.91,45.88,6.26,25.48,89.8,46.75,Wheat,177.85,17.28,9.85,8.17,3455.36
85.69,40.14,13.59,7.51,17.37,65.07,109.23,Maize,363.18,21.68,7.8,3.25,3577.21
45.86,48.59,24.32,5.88,26.09,51.49,138.27,Soybean,168.0,9.16,10.64,4.5,4509.73
37.16,85.97,27.99,7.0,16.15,72.62,253.51,Soybean,298.81,5.4,13.06,3.82,2649.22
122.54,51.9,23.17,5.87,27.51,62.55,299.17,Cotton,231.92,19.48,6.63,3.2,3182.93
104.81,40.1,23.97,7.76,35.73,63.48,303.08,Cotton,282.1,13.92,5.86,3.58,2564.07
75.66,33.76,21.03,6.91,31.38,70.05,83.98,Maize,215.8,15.82,6.07,3.56,2931.33
73.85,36.53,43.61,5.79,25.71,54.06,136.61,Wheat,153.81,17.95,8.86,8.82,5048.36
114.3,47.58,21.37,6.96,36.04,82.96,176.87,Cotton,305.8,25.67,9.68,4.14,2713.81
92.81,33.39,49.43,7.26,30.31,51.31,108.12,Wheat,207.76,17.31,8.18,8.49,3365.94
83.63,55.4,44.08,8.09,29.8,44.81,162.53,Wheat,330.39,24.28,16.96,15.02,2575.57
64.0,47.5,17.9,7.83,20.74,69.99,292.17,Maize,139.18,9.14,7.35,2.69,2240.46
134.15,38.23,18.4,7.46,31.11,70.74,157.64,Cotton,292.14,40.79,14.96,6.05,2175.67
77.31,59.92,20.74,6.75,16.43,52.55,138.4,Maize,302.05,14.97,7.96,3.46,3178.04
91.69,30.89,19.75,7.04,31.41,48.19,102.67,Maize,196.91,16.18,7.97,4.16,2904.81
101.03,41.5,18.34,6.73,27.95,93.77,186.18,Cotton,179.9,17.76,6.12,2.98,3243.94
91.03,41.52,21.41,6.31,18.12,70.44,287.87,Maize,83.52,19.84,10.86,4.33,2317.41
19.46,74.66,17.42,6.0,35.06,87.02,137.14,Soybean,123.85,3.86,14.33,3.59,2930.64
5.85,63.36,22.35,6.38,24.17,71.17,171.16,Soybean,163.77,0.77,9.63,3.25,3499.6
86.28,40.79,40.87,6.45,21.78,74.94,60.68,Wheat,130.41,28.3,12.54,11.09,4679.21
102.88,46.63,21.68,7.44,19.98,52.9,171.75,Maize,211.17,26.38,16.46,6.77,4964.4
82.8,48.02,45.08,6.12,33.53,46.94,268.27,Rice,73.11,15.28,8.64,7.59,2465.52
64.32,56.61,39.48,7.27,33.13,46.48,167.22,Wheat,202.19,14.8,10.82,7.14,2741.08
79.26,44.28,31.04,7.15,28.52,51.36,155.47,Wheat,212.12,14.5,9.94,8.28,2735.57
34.18,68.61,19.62,5.29,30.53,79.91,76.23,Soybean,162.45,6.1,12.23,4.38,2734.07
25.7,65.19,20.77,5.2,31.83,47.89,302.39,Soybean,167.08,7.65,19.04,6.55,5039.52
79.43,46.52,46.25,6.55,21.04,80.89,168.41,Wheat,116.77,22.18,13.71,13.29,5424.95
68.99,52.17,21.46,7.18,19.4,61.34,55.7,Maize,403.63,9.85,7.54,3.95,3326.29
10.13,78.52,18.41,6.42,20.16,58.62,61.38,Soybean,325.16,2.25,15.68,3.48,5817.33
112.47,46.3,30.62,5.89,22.46,69.28,214.62,Cotton,119.86,17.93,7.3,3.88,3434.36
98.58,62.58,16.63,6.44,22.8,89.55,92.78,Maize,274.17,12.29,10.0,2.35,3740.34
127.54,66.01,17.95,6.17,27.89,91.03,166.01,Cotton,270.99,21.34,11.13,2.92,5558.27
91.87,52.91,42.29,7.2,21.44,88.3,62.46,Wheat,298.16,12.65,8.09,7.06,3644.93
13.35,69.67,22.56,6.61,26.21,60.41,271.24,Soybean,252.91,2.14,8.69,3.17,5896.46
143.22,40.53,18.86,6.45,21.27,50.05,256.29,Cotton,254.81,22.28,7.25,3.93,2035.14
80.26,56.53,43.49,6.88,25.17,47.13,244.76,Wheat,130.69,23.4,15.71,12.95,4005.99
113.43,43.81,19.82,5.94,18.61,49.06,193.69,Cotton,88.27,23.82,11.14,4.49,5205.08
107.78,39.98,24.01,7.57,35.02,73.51,260.7,Cotton,305.37,17.8,5.48,2.87,2610.06
99.43,51.88,43.4,6.03,23.82,52.95,270.57,Rice,433.55,21.38,9.46,9.1,3326.06
109.08,39.25,22.57,7.24,25.55,59.0,145.95,Cotton,78.11,26.93,8.37,4.16,6015.15
143.87,40.0,19.26,6.83,23.17,65.58,220.16,Cotton,337.03,22.85,9.19,3.54,2279.44
80.81,42.96,16.82,8.46,22.11,61.42,74.97,Maize,142.29,19.37,13.02,5.68,6096.91
50.32,43.39,15.83,7.61,22.67,62.52,103.4,Maize,84.72,8.44,7.11,2.59,5095.3
58.4,56.77,33.92,7.2,38.53,59.63,162.16,Rice,141.78,9.39,8.21,5.19,1947.54
70.83,44.29,18.2,6.85,21.98,57.24,68.39,Maize,160.75,18.76,13.14,4.56,6248.75
82.19,52.3,26.39,5.45,19.11,55.67,140.19,Maize,86.28,16.08,8.88,4.46,4663.91
76.96,39.19,39.29,5.89,25.64,87.08,270.18,Rice,547.92,12.97,7.81,8.05,4433.97
19.45,84.63,18.17,5.87,20.5,42.21,213.79,Soybean,139.18,5.32,24.92,6.47,4828.43
21.53,86.43,21.2,5.58,32.05,63.14,196.23,Soybean,441.24,6.41,25.61,4.82,4997.82
19.56,52.87,23.77,7.58,26.39,69.56,103.42,Soybean,155.01,5.73,16.25,6.93,5210.35
98.93,37.56,22.35,6.95,33.13,50.28,162.85,Maize,279.21,23.21,10.62,5.73,3445.57
114.54,51.18,19.5,6.98,13.05,88.48,82.7,Cotton,171.79,33.85,13.42,5.69,2916.85
77.34,50.34,44.56,8.11,19.98,45.64,67.76,Wheat,257.51,15.27,10.25,8.52,3488.75
98.55,40.18,21.35,7.13,31.43,43.76,117.91,Maize,212.39,14.77,6.1,3.67,3183.71
86.98,55.74,15.86,7.44,30.37,56.94,299.64,Maize,547.82,28.33,16.5,5.4,2747.5
84.84,48.48,47.09,6.45,15.75,64.85,249.52,Rice,325.6,25.52,11.9,12.03,3813.63
31.42,69.62,16.19,5.88,29.53,38.39,298.01,Soybean,183.64,9.0,16.81,4.35,4678.75
74.25,50.0,19.43,5.71,26.24,44.87,269.12,Maize,355.42,12.38,9.03,2.52,5640.82
72.7,54.3,29.44,6.14,29.97,58.49,111.67,Rice,418.87,12.27,7.1,4.7,2736.55
68.3,45.88,40.9,6.54,24.21,91.48,56.0,Wheat,165.92,16.89,11.42,10.07,3502.84
85.6,38.99,41.88,6.77,21.59,79.36,178.32,Wheat,294.63,18.22,7.8,7.5,2135.14
62.44,53.72,18.16,7.0,18.3,60.59,223.7,Maize,170.2,11.93,8.48,3.31,2354.67
109.29,28.43,14.77,5.33,36.79,55.94,269.43,Cotton,101.97,23.15,7.1,3.22,4540.2
99.22,40.27,38.32,5.93,22.68,67.09,187.03,Wheat,226.31,12.71,6.49,6.56,4657.77
73.79,46.07,44.01,6.54,27.81,101.65,129.36,Wheat,201.96,21.27,14.97,12.43,4187.45
111.43,59.86,14.69,7.1,31.87,52.64,61.81,Cotton,103.6,15.03,7.82,2.38,3127.72
96.81,62.16,19.4,6.34,24.2,80.58,82.47,Maize,268.07,13.14,9.9,2.35,3803.93
115.33,52.48,26.34,7.13,28.28,51.48,175.78,Cotton,216.02,37.46,13.89,7.23,2310.44
108.93,49.2,19.38,6.67,27.78,61.42,223.15,Maize,279.49,13.67,6.92,2.71,5888.45
133.9,52.62,18.31,6.11,32.67,42.7,232.21,Cotton,98.51,40.45,15.79,5.68,3214.49
11.73,56.16,13.94,5.06,29.76,85.02,265.92,Soybean,361.25,3.63,19.02,5.04,5166.51
72.56,55.2,22.02,7.2,17.27,70.3,266.55,Maize,205.64,27.72,21.36,7.83,4112.94
28.09,74.55,21.49,6.84,23.25,54.86,300.87,Soybean,177.18,6.0,11.78,3.64,5767.15
81.62,41.63,23.19,6.1,28.83,55.35,57.75,Maize,196.77,15.95,7.28,4.55,3660.39
45.97,58.25,19.79,6.09,19.06,78.15,94.53,Soybean,206.03,11.81,21.63,5.34,4319.69
84.65,38.15,36.81,6.29,31.83,84.46,213.38,Wheat,253.99,20.24,8.65,6.89,5214.7
70.64,56.3,21.73,7.63,19.17,51.26,71.3,Maize,302.34,9.2,6.43,3.93,3183.71
126.16,56.52,12.23,6.05,35.27,54.08,192.87,Cotton,213.95,42.26,17.85,4.61,3619.86
63.11,41.94,42.82,7.56,31.87,50.69,303.39,Rice,227.84,14.96,8.72,8.28,3502.81
18.08,82.66,18.38,4.98,16.1,97.56,69.96,Soybean,357.38,4.43,14.19,3.06,4788.88
139.48,58.47,17.26,7.06,18.48,43.6,258.62,Cotton,376.81,19.85,7.31,3.29,4142.43
15.25,66.09,21.0,5.9,17.36,69.01,263.6,Soybean,200.18,2.57,9.87,2.88,3780.33
29.69,75.74,20.21,6.2,18.75,54.98,200.54,Soybean,146.54,9.22,18.14,6.29,3039.56
18.21,81.32,25.34,7.89,15.51,63.08,102.39,Soybean,271.24,2.97,10.71,2.88,4277.66
24.73,65.65,24.84,6.53,20.55,72.0,89.47,Soybean,172.74,4.41,13.21,5.12,4664.07
12.77,51.98,20.78,4.86,22.58,51.89,214.96,Soybean,160.54,2.22,9.11,2.54,4266.16
120.49,41.65,13.35,7.82,17.74,35.59,118.07,Cotton,257.58,25.29,7.28,2.52,5804.45
142.24,57.32,21.77,6.35,18.0,39.34,235.65,Cotton,384.45,21.37,8.65,2.85,3578.4
73.95,34.31,35.99,8.22,26.02,80.84,273.36,Rice,205.23,26.98,12.36,9.59,3519.06
76.42,60.93,43.0,7.87,23.62,85.1,163.79,Rice,99.0,26.79,14.9,13.97,3182.42
36.84,60.95,21.24,5.82,28.87,47.49,169.82,Soybean,131.54,5.19,11.23,2.56,2000.11
75.96,55.3,22.54,6.28,27.36,44.67,214.35,Maize,113.32,12.4,9.43,3.4,4846.81
72.0,41.66,32.86,7.64,20.82,82.05,228.85,Rice,152.5,10.74,6.51,4.65,5127.35
99.36,56.01,42.67,6.25,14.52,68.91,113.4,Wheat,130.93,22.14,17.19,13.39,4888.22
27.79,67.73,18.24,7.88,29.32,84.61,228.37,Soybean,154.47,4.03,10.79,2.49,4798.99
75.91,44.65,46.06,7.01,32.34,54.33,95.35,Rice,294.68,26.19,15.18,10.93,6248.78
88.33,41.14,36.98,6.21,17.96,56.58,284.58,Wheat,224.18,11.06,6.21,5.77,2124.36
12.62,62.15,19.03,8.28,35.65,73.56,230.67,Soybean,478.65,2.94,13.7,4.02,4945.92
35.61,75.21,15.43,6.79,30.64,78.3,84.48,Soybean,457.46,9.46,24.07,5.56,5968.29
83.65,36.54,35.05,7.92,18.07,36.05,60.75,Rice,108.33,21.85,13.68,10.62,5390.51
12.91,51.76,23.81,8.06,19.73,52.9,326.15,Soybean,405.48,3.03,15.41,7.89,3694.33
91.75,46.37,18.29,8.41,31.0,54.58,244.12,Maize,422.62,25.68,16.0,5.26,2232.08
59.25,56.21,40.17,6.34,35.17,49.2,152.24,Rice,156.63,8.72,8.93,5.87,2378.82
84.53,37.0,42.42,5.87,20.59,47.08,227.66,Wheat,234.25,12.75,5.24,6.63,4005.88
70.03,47.09,39.56,6.33,24.29,69.33,243.94,Wheat,174.95,13.28,7.41,6.04,3233.36
16.33,54.5,25.93,8.14,33.24,57.17,104.53,Soybean,195.17,4.97,16.96,7.32,5990.36
58.08,44.46,40.68,5.94,17.59,67.62,68.49,Wheat,94.78,18.39,12.84,12.47,3080.6
21.7,56.87,23.45,6.67,27.99,97.0,231.78,Soybean,460.14,6.82,21.24,7.02,4909.64
62.87,66.77,17.08,6.33,15.2,77.65,112.04,Maize,266.69,12.18,11.31,3.82,2991.86
61.96,47.65,45.46,6.14,21.84,65.48,66.4,Wheat,102.93,19.17,14.94,13.86,3044.08
110.65,41.01,22.09,6.48,32.29,73.35,326.03,Cotton,233.23,17.01,7.62,2.83,2800.43
117.7,39.88,20.75,5.67,21.06,85.43,272.31,Cotton,194.6,26.58,9.76,3.45,2821.82
135.08,37.77,12.67,6.46,34.32,74.2,262.98,Cotton,293.87,30.97,6.61,2.95,2215.2
79.68,54.44,20.47,7.19,28.07,80.47,81.48,Maize,212.59,14.8,9.83,3.67,2687.8
118.86,45.23,15.02,5.97,22.5,47.33,127.62,Maize,165.2,31.77,13.33,5.2,2401.18
44.9,53.24,19.57,5.91,26.48,46.92,280.33,Soybean,100.48,5.16,9.27,2.33,5815.55
90.59,32.84,37.83,6.08,32.26,91.08,53.08,Rice,399.34,19.95,7.51,6.68,3665.48
82.65,52.16,42.67,7.68,18.49,52.42,145.08,Rice,68.3,13.42,9.19,5.58,2740.58
66.14,48.26,35.42,6.26,28.3,47.16,264.09,Wheat,143.14,21.02,18.06,11.94,4103.66
87.04,56.67,36.88,4.85,17.34,59.12,216.09,Wheat,436.89,25.95,17.82,12.54,2306.82
76.05,41.25,45.11,6.81,29.66,41.16,298.59,Wheat,271.87,14.52,10.04,7.24,6064.67
90.22,45.54,40.98,5.71,23.09,50.18,221.39,Rice,137.47,13.18,5.66,5.08,2516.32
69.38,62.08,41.32,5.06,31.16,44.14,286.99,Rice,356.96,9.38,6.95,5.98,3417.08
91.52,36.23,24.43,6.48,26.87,45.96,105.59,Maize,216.46,14.8,6.13,4.63,3106.45
64.62,49.49,22.52,6.1,23.55,74.33,272.25,Maize,211.47,11.79,11.31,4.94,2786.08
92.8,61.0,14.16,6.6,14.72,58.13,220.37,Maize,140.59,34.84,17.99,4.05,2842.42
81.64,62.94,17.87,5.3,23.08,79.49,255.81,Maize,113.08,11.42,8.66,2.4,4954.58
126.09,45.93,16.83,7.44,26.77,77.6,222.02,Cotton,216.12,18.17,6.23,2.67,2238.01
75.54,51.37,49.8,8.29,27.18,78.49,53.45,Wheat,158.47,15.7,10.21,9.29,3508.4
107.33,50.1,41.96,6.34,29.46,80.76,278.55,Wheat,154.27,30.73,13.76,12.12,3642.43
82.26,38.29,43.02,6.73,18.28,78.02,271.6,Wheat,136.47,13.39,7.1,6.71,6116.55
79.81,51.99,25.08,7.23,22.19,80.04,260.83,Maize,53.68,22.96,15.3,6.0,3096.85
116.57,44.33,20.26,6.18,31.74,68.03,308.19,Cotton,257.81,17.98,7.81,3.55,3471.97
90.95,50.74,45.27,7.72,32.07,35.03,140.18,Wheat,337.64,24.21,15.45,15.31,2412.52
75.06,39.84,44.77,7.05,25.95,50.6,132.09,Wheat,87.23,14.37,7.31,7.92,2764.09
100.4,45.14,17.46,6.49,25.47,59.91,278.04,Maize,348.77,15.2,6.94,2.73,6468.94
20.0,75.98,19.64,6.63,23.99,62.84,169.05,Soybean,178.5,6.85,18.01,4.95,4036.38
9.73,54.3,23.06,6.98,19.07,68.28,234.64,Soybean,363.56,1.53,12.11,4.39,5498.58
89.77,49.21,25.5,6.61,34.26,89.37,84.09,Maize,309.55,15.99,10.32,4.9,5049.76
83.93,50.83,17.53,6.89,22.79,82.43,222.13,Cotton,254.98,32.26,12.74,5.25,4803.63
72.9,39.23,45.91,6.62,28.33,48.06,237.45,Rice,281.59,12.11,6.64,6.38,2881.48
112.11,52.19,42.84,7.26,28.25,77.36,263.23,Wheat,256.94,21.59,9.81,7.58,2771.08
75.66,56.66,39.56,5.09,36.93,73.79,143.31,Wheat,170.05,10.51,8.18,5.51,5057.07
75.69,67.53,16.63,5.94,23.78,79.83,237.27,Maize,366.18,11.81,13.33,3.23,2982.42
77.75,49.25,37.23,8.07,28.2,61.4,94.63,Wheat,83.84,13.41,9.54,7.2,3721.83
91.13,55.51,39.31,6.82,26.52,47.56,180.55,Wheat,192.54,14.44,9.51,6.2,4061.69
40.2,58.65,22.71,4.98,24.74,39.96,116.52,Soybean,160.99,11.45,21.48,6.22,2111.58
3.96,76.02,19.76,7.63,15.84,45.53,243.42,Soybean,167.03,0.57,11.07,2.95,3624.05
84.82,46.24,18.56,5.91,28.34,82.19,81.37,Maize,193.34,17.74,11.02,3.39,2753.53
83.76,48.16,24.74,5.09,30.72,62.49,108.27,Maize,74.79,10.22,7.36,3.58,5700.27
15.56,69.66,17.99,7.14,16.91,60.16,249.63,Soybean,210.31,2.08,11.53,2.93,3497.26
79.35,65.22,23.74,6.37,18.06,50.77,125.49,Maize,325.6,11.98,8.33,2.89,3031.1
83.06,59.23,16.69,6.35,20.74,68.26,282.29,Maize,203.36,13.65,11.17,3.51,4213.06
10.69,52.17,24.64,6.53,20.28,54.3,127.85,Soybean,356.51,2.08,11.17,4.75,5095.22
116.08,54.49,18.14,7.69,28.48,45.52,156.45,Cotton,595.01,23.41,9.12,3.7,3769.74
118.88,49.39,17.49,5.61,17.02,73.04,233.52,Cotton,261.98,25.26,12.52,3.46,5541.1
118.29,37.01,21.59,5.89,34.61,51.74,80.68,Cotton,150.98,26.76,8.56,4.01,4081.68
20.34,76.77,19.81,7.55,15.15,57.53,122.28,Soybean,224.69,5.1,21.41,6.65,4369.12
120.19,55.19,20.5,5.84,15.45,72.45,257.59,Cotton,215.65,20.32,10.83,3.44,5525.65
68.25,44.98,41.98,7.61,21.8,57.04,62.15,Rice,96.97,19.05,15.82,9.98,3163.77
93.48,39.91,36.31,7.15,29.19,87.45,46.41,Rice,398.2,15.8,6.18,7.78,4815.28
75.92,37.52,27.11,5.79,36.74,76.02,252.07,Maize,267.34,26.56,10.57,8.04,3783.48
71.21,54.32,22.9,6.66,18.81,37.79,45.11,Maize,167.14,9.71,8.29,3.0,2713.87
63.88,48.32,34.89,8.0,20.89,63.03,220.57,Wheat,171.48,13.19,10.19,6.7,4730.7
62.4,41.57,40.86,7.31,20.17,71.19,60.43,Wheat,95.52,20.41,12.51,14.77,3279.13
27.19,72.28,27.88,7.16,18.49,84.59,169.89,Soybean,122.83,4.82,9.58,3.25,6082.84
110.85,50.32,15.86,8.42,35.22,48.29,262.54,Cotton,75.27,17.81,8.14,2.55,4666.01
123.01,44.0,21.88,7.73,22.61,40.7,232.15,Cotton,380.65,18.62,6.94,2.88,3535.86
117.7,44.15,14.59,7.44,28.03,72.27,277.38,Cotton,328.03,21.44,9.99,2.97,4481.78
49.88,67.7,40.17,8.19,32.82,54.43,157.99,Rice,181.41,7.92,8.89,5.53,2542.54
96.95,58.95,28.73,7.49,18.48,40.75,180.16,Rice,86.13,14.54,9.42,4.78,4591.93
61.92,45.42,40.7,7.06,30.64,70.41,284.09,Wheat,343.89,10.04,7.04,5.81,5779.02
91.48,39.63,28.69,7.48,29.63,90.25,265.42,Rice,203.48,28.14,10.76,10.76,3210.28
90.15,40.65,27.2,5.25,32.79,92.12,190.56,Maize,414.02,12.38,5.31,4.04,4746.68
130.92,32.34,21.45,6.67,17.38,70.31,135.57,Cotton,149.39,32.19,9.41,5.55,3678.33
124.12,36.37,18.44,7.04,17.04,58.08,91.72,Cotton,181.62,40.95,13.48,5.77,2834.91
152.83,57.12,20.12,6.93,34.15,74.55,279.87,Cotton,230.32,44.48,13.11,5.03,1919.84
90.73,35.6,23.42,6.69,31.87,73.73,82.31,Cotton,319.08,22.49,7.26,4.39,4618.96
83.98,59.24,19.69,6.33,22.08,91.52,97.2,Maize,281.02,13.57,8.24,2.93,3864.36
102.25,49.07,34.93,6.17,15.86,36.58,196.57,Rice,85.34,12.29,9.14,4.5,4323.21
123.3,47.06,21.27,7.02,18.38,49.31,125.41,Cotton,397.1,38.15,14.52,5.88,4327.01
64.39,52.19,36.03,6.83,15.39,51.67,195.21,Rice,189.79,13.34,9.88,8.19,3783.68
87.16,72.77,35.91,6.59,15.45,64.84,238.25,Rice,98.75,21.78,20.26,12.51,4044.61
65.32,41.15,18.93,6.5,31.85,77.34,252.42,Maize,379.01,10.6,5.22,3.13,2320.18
103.52,55.19,41.93,6.49,29.14,88.99,250.47,Wheat,551.03,13.25,6.59,6.82,2522.68
72.82,39.94,38.67,6.59,27.47,46.09,131.79,Wheat,197.99,19.81,11.45,10.91,2693.96
111.42,55.37,14.73,6.51,18.89,49.99,259.14,Maize,150.82,27.61,14.38,3.84,2477.83
24.69,70.04,17.9,7.82,29.41,78.69,327.74,Soybean,265.83,5.69,15.44,3.88,5694.65
83.83,48.71,44.21,7.56,28.49,96.48,105.14,Rice,297.57,30.4,14.08,11.38,4531.98
59.89,43.42,36.31,7.39,29.69,87.63,69.52,Rice,571.61,10.05,6.9,5.77,4308.42
91.32,43.97,40.38,7.26,22.75,53.1,163.35,Wheat,101.82,18.15,8.12,8.77,6539.84
9.9,59.9,21.51,6.64,19.75,41.45,109.17,Soybean,368.79,1.95,10.33,4.76,3962.17
86.81,58.19,49.47,7.97,26.76,77.05,49.61,Wheat,148.94,16.95,9.28,9.51,3100.35
96.67,35.77,23.33,6.36,30.39,54.06,239.0,Maize,143.12,17.54,7.25,3.92,2058.32
8.87,53.88,22.9,5.43,17.22,78.55,189.43,Soybean,167.58,1.8,11.4,5.31,3005.74
139.68,65.69,22.03,5.45,26.23,55.4,148.45,Cotton,218.55,39.99,21.12,6.54,4394.11
117.03,38.9,19.03,6.53,13.54,74.17,245.58,Cotton,99.63,21.74,7.22,4.2,5020.15
122.67,41.68,20.57,5.7,27.89,95.01,193.2,Cotton,75.3,31.12,12.57,6.68,5157.18
129.92,62.64,20.8,8.09,30.72,48.24,139.1,Cotton,288.99,16.24,9.25,3.73,4672.74
83.72,39.2,44.69,5.68,29.32,53.33,214.27,Rice,256.2,9.58,5.29,6.28,2721.13
75.87,31.47,19.58,5.19,29.07,71.49,250.88,Maize,382.39,10.47,6.03,2.44,1892.09
67.84,38.7,40.19,5.85,29.99,54.0,267.73,Rice,311.82,11.67,6.97,6.38,2457.69
125.9,55.0,18.0,6.47,31.51,81.06,221.72,Cotton,87.97,36.73,13.24,5.08,5828.46
108.2,63.7,19.19,6.5,16.79,46.43,168.55,Cotton,302.7,16.63,7.45,2.83,2884.1
91.41,47.11,16.11,6.74,16.44,88.03,246.03,Cotton,209.38,15.13,6.04,2.29,4373.58
66.99,57.16,42.84,7.24,28.3,59.06,257.66,Wheat,129.8,10.99,8.95,8.41,3112.44
147.58,48.39,22.12,7.16,21.49,80.73,148.42,Cotton,195.99,38.12,14.74,6.88,2834.09
70.05,47.03,38.73,7.29,28.77,82.41,219.8,Wheat,127.97,14.2,8.29,8.25,5076.83
66.79,54.42,36.13,5.89,20.45,74.26,75.29,Wheat,269.4,14.16,10.16,7.58,3492.16
102.46,53.24,20.17,6.31,25.68,77.18,80.94,Maize,276.55,14.15,9.33,2.92,3761.69
123.44,38.75,17.4,6.62,38.36,53.95,224.78,Cotton,381.25,32.13,11.58,6.0,3654.61
91.55,46.19,45.1,6.91,23.4,64.36,186.61,Wheat,194.1,26.56,12.31,12.72,5474.72
5.39,67.36,19.77,6.89,31.28,64.0,161.5,Soybean,159.08,0.9,10.06,2.92,3810.03
85.74,57.09,36.62,7.14,28.43,37.78,316.61,Rice,164.55,29.79,13.48,12.01,4368.28
108.74,37.43,17.62,5.36,19.82,41.63,232.78,Cotton,302.71,31.29,11.88,4.93,5919.85
83.09,41.89,43.16,5.15,34.9,40.99,303.54,Rice,89.4,18.17,9.42,7.35,3191.05
96.23,42.42,42.14,6.59,17.82,57.46,239.89,Wheat,238.13,16.01,7.01,6.6,4851.05
19.87,61.64,15.75,7.24,31.35,96.89,153.47,Soybean,132.0,3.35,11.75,3.01,3244.97
102.91,50.29,20.34,5.97,20.55,44.05,197.87,Cotton,80.76,19.02,11.43,4.77,4462.34
30.42,76.79,21.04,6.17,25.62,57.3,324.72,Soybean,145.24,5.73,12.91,3.9,5313.15
78.17,60.32,39.82,7.82,38.74,39.06,125.54,Wheat,357.62,24.63,18.56,12.29,2605.17
42.73,63.22,16.23,7.34,13.86,53.88,83.91,Soybean,211.09,7.48,12.57,4.05,5506.35
95.82,47.2,37.54,6.52,30.99,79.68,309.77,Wheat,496.34,14.08,6.62,6.46,2608.58
113.69,44.17,22.62,7.68,27.3,46.38,140.45,Cotton,208.3,25.93,9.24,4.3,3831.76
87.01,42.3,39.92,6.21,32.72,67.19,138.25,Rice,63.66,27.24,11.35,10.5,3551.95
85.89,62.32,38.11,6.06,16.62,46.72,111.23,Rice,140.29,10.83,8.42,6.17,5338.82
12.54,52.51,17.4,6.81,22.11,66.61,65.62,Soybean,70.95,2.79,10.52,3.32,2711.48
119.72,45.52,14.35,6.36,29.19,66.9,285.13,Cotton,249.89,31.52,14.84,5.02,4660.1
66.7,58.48,15.21,4.81,21.04,67.62,282.91,Maize,110.53,10.4,8.12,2.12,5029.72
96.57,46.76,42.6,7.73,20.75,82.28,196.76,Rice,168.49,29.22,14.48,14.28,4424.84
81.22,38.56,40.01,7.21,31.64,66.19,113.63,Rice,61.1,21.71,10.87,11.14,3154.86
24.06,82.74,22.59,5.85,27.48,57.89,188.82,Soybean,281.28,4.85,12.34,5.89,5211.85
97.36,40.98,43.44,4.95,14.52,68.12,136.75,Rice,203.2,14.39,6.54,6.11,2924.73
24.24,70.5,19.42,5.88,34.44,56.38,168.13,Soybean,460.62,7.08,25.64,5.1,5222.86
82.27,31.9,19.32,6.29,21.7,85.63,279.2,Maize,241.25,30.68,8.94,6.05,5020.73
83.78,34.55,36.0,7.23,31.53,69.45,57.3,Rice,381.16,17.86,6.62,7.68,3671.04
64.78,39.17,43.57,5.83,26.52,78.05,211.2,Rice,571.8,13.76,7.38,8.01,3974.13
67.73,47.0,34.61,7.3,14.6,80.04,248.74,Rice,294.21,13.89,8.31,7.11,4275.93
20.27,69.53,19.93,8.08,31.85,89.45,213.63,Soybean,489.64,7.05,18.71,5.59,4729.24
27.41,75.34,19.39,5.72,23.61,53.97,241.15,Soybean,168.49,7.92,18.84,6.59,2668.58
21.63,72.21,19.61,6.11,31.14,64.43,178.18,Soybean,482.37,6.49,26.2,6.03,4726.03
128.8,64.77,19.93,7.37,35.12,38.51,77.36,Cotton,107.91,23.35,12.0,4.38,3220.25
49.87,79.42,24.16,5.55,29.64,89.66,50.77,Soybean,490.91,9.66,16.55,3.77,5611.47
89.18,43.64,47.0,5.26,22.19,71.66,118.33,Wheat,192.27,27.56,10.38,12.8,2552.72
86.53,55.54,20.85,6.37,34.54,73.59,212.08,Maize,150.81,21.33,11.34,4.08,5101.51
15.33,54.21,18.87,5.54,21.66,44.14,164.79,Soybean,156.33,2.23,7.55,2.66,4567.08
21.7,66.94,19.09,6.83,23.38,59.95,280.88,Soybean,138.71,7.19,18.97,5.77,3128.74
85.7,42.68,36.41,7.17,22.83,81.96,214.59,Wheat,103.43,22.42,10.91,12.79,5322.92
22.97,77.9,19.59,6.42,28.86,85.37,144.78,Soybean,138.39,5.12,15.52,3.89,4589.24
91.78,36.44,31.94,5.5,18.21,41.72,192.38,Wheat,122.23,26.94,9.58,10.24,4897.02
63.06,36.18,30.91,6.34,37.94,74.23,51.94,Rice,334.23,10.83,5.34,4.5,5189.31
74.83,48.26,42.04,6.16,27.05,52.22,132.19,Wheat,178.27,17.62,9.0,8.78,4551.21
74.68,60.96,37.95,7.96,23.8,66.18,158.93,Rice,337.18,13.65,8.86,5.33,5039.84
100.11,57.08,23.08,6.22,16.25,51.3,125.48,Maize,288.59,11.58,9.83,3.46,3670.56
37.43,91.08,26.82,6.51,19.44,79.74,295.57,Soybean,271.97,5.81,14.26,3.42,2851.56
99.43,52.4,31.8,6.47,29.57,38.8,222.43,Wheat,92.29,13.07,8.1,5.06,4568.5
123.2,46.85,17.71,5.9,32.6,43.71,165.42,Cotton,586.63,25.21,9.55,3.11,3984.68
135.4,43.85,17.34,6.36,33.87,63.24,285.22,Cotton,180.04,46.31,15.64,5.56,2023.48
112.4,42.26,18.47,5.31,20.86,49.68,246.13,Cotton,229.55,17.57,5.79,3.1,3063.43
30.24,77.08,17.67,8.55,35.72,77.51,268.89,Soybean,238.51,5.5,12.98,4.51,5102.72
15.85,74.91,19.8,6.13,27.25,58.21,199.81,Soybean,240.39,2.03,11.1,2.86,6516.65
96.26,49.94,14.72,7.72,29.83,52.28,262.14,Maize,351.27,13.28,7.59,2.56,6093.73
138.98,65.59,18.48,7.46,28.79,40.6,84.22,Cotton,113.26,26.63,13.12,3.5,4070.74
93.14,43.42,33.54,7.91,28.64,82.18,264.41,Rice,239.55,23.37,11.83,10.47,3535.81
72.88,42.1,40.51,5.48,32.98,79.36,164.87,Wheat,170.24,19.25,12.88,10.62,3896.17
11.4,48.4,27.2,6.94,20.35,54.97,127.22,Soybean,316.66,2.44,12.9,5.64,4919.15
126.52,44.35,45.38,5.24,31.27,65.21,226.31,Rice,331.09,19.76,8.6,8.24,2360.06
120.71,48.64,18.74,6.18,18.82,81.18,271.54,Cotton,153.1,30.88,9.99,3.62,3127.27
37.69,79.87,17.9,7.65,15.26,42.71,91.32,Soybean,223.6,8.54,14.66,3.7,5792.52
88.7,42.2,23.73,5.06,26.9,59.07,91.98,Maize,70.0,11.47,7.22,3.1,4793.7
106.32,45.55,15.36,5.87,17.21,77.71,245.75,Cotton,183.31,13.38,7.08,2.86,5374.25
12.16,68.84,13.39,5.33,31.67,73.38,286.79,Soybean,291.23,4.0,18.34,4.47,6645.81
106.9,52.49,16.9,6.64,14.14,84.08,213.64,Cotton,186.82,16.26,8.09,2.99,5376.4
74.84,54.23,43.85,6.6,18.99,88.28,239.64,Wheat,88.23,16.4,10.58,8.83,4105.72
104.27,49.89,34.52,5.64,29.23,50.66,265.22,Rice,111.9,21.44,8.01,7.53,5374.4
73.02,44.72,40.37,6.49,33.93,60.7,232.96,Rice,308.02,11.76,5.82,5.9,3029.26
108.75,41.84,14.7,6.16,30.43,47.21,233.55,Maize,263.55,13.57,6.6,2.15,5969.76
90.16,35.3,14.02,6.61,20.96,76.12,223.05,Maize,224.99,10.31,4.21,2.4,4343.92
74.53,39.73,44.05,6.51,33.16,69.9,150.87,Wheat,219.41,13.12,7.42,8.48,3918.88
68.46,51.54,38.97,6.54,26.99,85.72,49.59,Wheat,195.83,13.26,10.33,7.96,3636.69
116.61,62.79,21.34,7.74,24.14,78.0,90.26,Maize,179.45,19.91,9.62,3.55,5289.09
137.68,40.95,17.5,7.05,30.85,51.52,81.5,Cotton,193.46,27.3,8.42,3.94,3915.29
78.71,56.22,40.74,6.64,26.16,76.78,58.62,Wheat,104.98,11.19,7.34,5.31,5943.55
18.65,62.6,19.7,7.24,27.62,78.83,286.18,Soybean,154.54,3.86,14.77,5.15,2594.22
72.18,55.13,21.81,6.41,22.69,58.68,272.51,Maize,144.7,11.48,7.62,2.89,2411.55
109.81,39.76,18.34,7.53,34.07,86.77,260.17,Cotton,235.61,36.0,15.34,4.92,4918.86
103.66,42.32,38.7,7.72,22.97,86.1,156.51,Rice,186.96,26.4,11.58,13.58,5285.87
118.43,51.26,40.86,7.5,14.09,66.64,275.28,Wheat,199.04,20.89,8.54,7.95,3392.02
70.42,37.68,38.48,6.43,21.02,57.49,87.97,Wheat,84.43,23.97,10.86,13.61,4014.87
94.74,45.27,19.11,5.45,15.83,77.5,82.26,Cotton,197.88,35.69,12.76,5.16,3074.11
32.29,73.11,23.58,7.05,17.96,98.14,217.12,Soybean,144.47,5.18,11.14,3.1,5356.84
116.52,43.89,22.01,7.94,35.4,75.44,203.94,Cotton,274.89,33.2,14.08,5.53,2623.18
113.89,52.76,21.3,6.83,26.84,47.26,139.16,Cotton,272.53,17.32,8.34,3.35,5949.86
3.95,58.8,25.06,6.27,26.98,68.76,235.15,Soybean,160.7,0.8,11.13,3.98,2526.83
84.94,63.8,35.22,6.46,14.74,68.33,215.27,Rice,104.06,26.46,18.55,11.76,3980.18
85.65,45.08,46.62,5.85,18.1,58.73,197.92,Wheat,267.38,13.06,6.08,5.34,4884.6
29.81,75.41,17.14,6.45,29.26,41.92,154.38,Soybean,154.26,4.17,10.22,2.62,2215.36
116.86,39.77,23.29,6.52,25.81,41.98,171.07,Cotton,369.42,28.99,9.97,4.4,3931.97
83.72,57.68,16.12,7.82,36.83,51.9,293.35,Maize,199.98,11.7,7.53,2.4,3992.28
84.7,36.99,46.78,6.53,22.75,54.34,76.73,Rice,240.55,13.69,7.05,6.45,2744.54
113.16,48.91,17.56,8.08,34.12,72.14,158.07,Cotton,283.38,40.17,11.29,5.84,2360.44
82.12,57.69,19.83,6.95,25.73,51.08,106.92,Maize,203.88,16.49,14.91,3.69,4226.11
21.62,66.08,18.75,6.86,35.52,64.33,229.66,Soybean,316.83,6.88,19.85,5.52,5287.58
9.51,68.14,29.69,5.64,16.9,89.28,253.6,Soybean,97.76,1.37,10.44,4.45,5252.63
63.33,39.08,34.78,6.18,21.29,76.01,215.69,Wheat,114.28,10.62,4.74,6.41,4743.66
135.78,57.0,24.52,8.06,24.63,37.63,129.91,Cotton,263.2,17.3,7.52,2.89,5917.0
135.43,51.22,15.68,7.84,29.18,52.45,155.44,Cotton,456.05,28.15,11.74,3.37,3162.11
99.58,47.09,46.92,6.09,25.56,40.4,244.22,Rice,151.81,11.97,6.67,6.52,2458.9
30.0,57.12,19.43,5.46,24.91,41.24,87.97,Soybean,327.59,5.25,11.09,4.05,2738.63
27.98,68.51,22.1,6.56,25.7,80.08,298.91,Soybean,299.81,9.7,21.01,4.98,2684.92
72.76,65.04,21.12,8.1,25.8,36.3,164.74,Maize,534.92,16.0,13.08,4.74,4955.64
26.18,60.15,19.79,8.25,26.45,80.91,101.59,Soybean,165.34,4.42,12.48,4.57,4917.26
89.1,36.12,18.11,6.13,22.97,73.66,251.42,Maize,211.05,12.23,5.38,2.52,4472.61
70.88,52.43,23.71,5.51,19.2,58.53,121.91,Maize,284.64,21.52,13.37,7.25,5134.66
97.62,40.06,47.4,5.97,18.4,90.96,270.63,Wheat,149.59,11.87,7.07,7.69,5049.05
24.2,63.46,19.8,6.56,18.73,82.76,109.43,Soybean,265.83,3.84,7.25,2.93,2272.52
151.2,50.32,18.33,6.45,35.67,46.63,170.66,Cotton,242.87,41.42,18.43,6.06,3355.43
68.61,44.56,38.7,7.63,34.78,82.11,55.15,Rice,245.23,13.55,10.82,7.49,6011.55
121.73,40.79,18.88,7.27,26.15,58.79,146.86,Cotton,213.76,20.58,9.36,3.42,4411.33
119.1,51.57,25.58,6.41,29.07,42.22,174.1,Cotton,215.12,36.67,14.73,7.85,1989.81
10.5,62.09,15.79,6.03,37.94,40.85,277.33,Soybean,333.78,1.58,10.51,2.65,3945.7
88.21,49.89,22.92,8.53,20.49,84.71,73.09,Maize,249.53,18.11,9.75,4.18,4947.92
67.49,46.82,37.19,7.24,21.93,43.33,205.18,Rice,502.12,9.47,7.44,5.33,3504.78
17.89,73.81,17.17,7.24,17.43,67.05,277.16,Soybean,179.05,3.13,12.8,4.34,3533.04
46.54,71.04,17.81,6.52,39.32,86.94,302.14,Maize,331.9,14.01,20.87,5.84,4117.1
79.2,46.37,41.02,5.99,26.04,53.85,73.81,Rice,418.78,20.78,12.18,12.02,2081.61
79.16,54.16,15.27,7.61,24.94,47.95,234.14,Maize,534.62,23.58,14.01,4.9,2162.02
67.76,52.74,37.63,6.85,30.8,97.9,60.07,Rice,233.82,14.86,9.73,7.92,5393.84
58.08,35.73,40.62,7.83,19.37,93.95,93.73,Rice,104.25,8.95,5.05,5.56,4574.07
88.19,42.6,26.97,5.74,33.78,96.06,227.93,Maize,317.18,13.71,6.39,3.91,5525.48
74.2,46.84,42.72,6.65,34.2,95.68,152.35,Wheat,162.93,23.3,13.31,12.42,4803.62
96.9,53.25,44.1,6.77,23.91,82.94,242.34,Wheat,251.04,13.37,8.52,5.73,2922.91
122.87,40.65,22.21,6.26,27.3,99.26,260.14,Cotton,57.16,35.37,13.04,5.41,5232.38
17.87,56.19,18.56,7.17,19.91,61.91,72.65,Soybean,378.75,2.9,8.66,3.0,3114.98
62.57,40.65,43.64,7.22,30.36,43.83,293.31,Wheat,276.21,12.48,10.3,7.02,5201.36
108.02,49.11,40.97,6.98,24.07,60.67,262.96,Rice,223.11,13.35,7.72,5.68,4074.31
13.01,61.2,16.09,6.31,22.55,84.52,74.76,Soybean,92.97,2.43,10.08,3.01,2754.47
13.9,60.48,27.35,6.11,33.92,52.04,205.37,Soybean,150.1,2.31,10.66,3.35,5000.45
123.23,36.64,26.44,5.63,21.23,49.25,120.59,Cotton,98.73,22.09,6.67,5.42,2733.12
21.7,71.93,17.42,8.42,32.87,84.81,227.91,Soybean,134.21,6.36,17.04,5.09,4218.53
105.99,40.14,31.39,6.14,25.3,64.27,214.34,Cotton,133.52,19.01,6.08,3.86,3800.86
100.41,45.26,19.67,6.73,20.25,66.92,244.43,Cotton,204.3,31.87,14.07,6.53,4292.17
98.21,48.51,44.0,6.13,18.29,79.55,304.59,Wheat,126.83,11.93,6.3,7.88,5031.36
106.37,38.36,19.7,6.2,32.01,60.98,310.38,Cotton,300.67,15.7,7.17,3.41,2602.93
59.34,52.12,40.85,6.14,28.38,55.48,62.32,Rice,229.1,21.52,17.11,12.92,5736.06
87.62,45.79,15.08,7.03,15.97,98.47,211.6,Cotton,194.57,16.35,7.83,2.8,5260.22
15.87,59.0,17.02,5.83,17.47,57.29,163.87,Soybean,129.39,2.13,9.11,3.05,3567.41
132.17,37.04,24.43,6.69,27.08,58.89,247.5,Cotton,249.13,31.48,12.3,6.48,4527.55
76.69,39.27,15.27,5.39,29.35,52.21,280.59,Maize,174.85,14.56,7.22,3.01,4170.05
70.1,34.51,33.82,6.71,22.71,85.4,85.1,Rice,120.7,11.28,4.28,6.0,5075.53
85.67,70.76,16.85,7.7,16.87,88.76,304.14,Cotton,77.24,23.51,17.71,5.02,5714.52
97.12,33.13,37.03,5.44,18.44,74.64,322.98,Rice,430.71,20.39,6.87,6.72,2700.14
148.7,59.33,18.73,7.17,28.44,89.67,190.51,Cotton,225.99,21.87,9.85,2.39,5511.99
60.08,56.46,45.41,6.33,15.96,87.32,58.8,Rice,101.97,20.28,16.93,12.02,3169.14
8.16,55.34,24.98,5.48,15.91,77.28,185.08,Soybean,159.81,1.91,11.39,4.11,3383.88
75.91,53.18,35.68,5.92,28.01,44.98,77.58,Wheat,223.12,25.78,16.51,12.36,4852.62
67.25,55.68,18.08,6.23,23.52,47.52,178.98,Maize,189.66,9.89,8.49,3.39,3120.52
15.41,78.82,14.72,7.26,29.39,56.42,52.6,Soybean,133.61,2.48,11.19,2.05,3967.82
75.44,58.64,21.84,7.92,14.12,71.13,292.33,Maize,228.17,27.18,21.08,7.62,4522.67
80.74,49.38,45.54,7.41,22.01,59.22,266.73,Rice,154.31,25.09,17.34,12.39,4435.81
146.65,61.17,22.59,5.98,29.23,43.05,122.99,Cotton,165.46,35.92,20.6,8.06,5685.97
72.88,39.59,25.56,6.97,27.38,36.4,151.91,Maize,163.93,18.23,8.39,4.11,2213.66
117.7,52.82,11.57,7.54,13.87,77.27,227.85,Cotton,105.29,15.39,9.32,1.88,2522.22
82.05,38.27,34.33,6.37,19.89,53.4,113.64,Wheat,68.01,25.77,11.13,12.04,3864.53
85.17,43.37,39.01,7.46,16.85,43.91,72.95,Rice,116.21,24.76,13.88,10.58,4455.28
74.66,54.41,34.32,6.85,22.39,53.58,181.96,Wheat,188.49,13.74,8.55,6.4,2621.21
85.74,52.4,42.51,7.05,27.76,96.27,263.82,Wheat,475.91,15.44,6.78,6.91,2830.76
75.84,71.18,40.75,7.47,17.4,58.34,238.03,Rice,117.1,22.04,22.99,10.17,3883.0
90.6,44.26,32.0,7.69,25.88,81.33,233.64,Rice,207.62,25.4,12.44,11.45,3584.6
119.03,41.63,15.51,8.01,17.65,47.67,110.49,Cotton,213.76,24.89,8.13,2.71,6126.16
3.87,61.93,23.19,6.09,22.34,71.9,206.08,Soybean,164.86,0.77,13.96,5.22,2970.93
39.98,83.44,19.99,6.17,25.45,69.09,57.57,Soybean,461.52,8.9,15.75,4.5,5774.65
83.49,49.79,16.69,5.58,22.34,80.42,263.87,Maize,317.74,12.94,10.23,3.25,4587.28
102.25,38.64,42.26,7.16,19.33,69.82,167.9,Rice,152.33,24.45,13.59,14.97,5440.94
112.45,50.55,14.12,5.23,14.92,52.7,241.26,Maize,134.21,35.01,17.16,3.99,2333.35
7.61,75.2,19.95,7.11,22.37,63.73,266.63,Soybean,402.84,1.06,11.85,3.02,5565.98
87.24,40.84,40.57,5.65,24.69,63.22,113.86,Wheat,209.03,25.28,12.29,13.87,2446.21
74.88,49.65,21.07,6.31,20.79,48.76,129.09,Maize,129.89,20.94,13.33,5.49,6785.13
76.8,55.74,16.13,7.25,27.01,46.74,93.23,Maize,344.65,24.31,13.91,4.63,3918.93
92.99,45.05,23.14,6.75,19.42,88.01,124.33,Cotton,125.32,20.87,9.29,4.23,4137.83
106.38,53.73,12.84,6.31,25.51,79.4,89.46,Cotton,159.1,18.1,8.74,2.21,4174.64
31.02,67.02,17.78,7.74,19.81,49.88,126.16,Soybean,200.8,10.34,21.19,5.07,2779.89
127.41,38.03,22.54,6.22,26.81,38.55,208.35,Cotton,316.18,34.12,13.54,5.82,2881.06
68.56,55.04,40.43,7.42,20.61,68.03,227.12,Rice,182.36,24.85,17.83,13.16,4941.8
118.69,43.77,24.36,7.39,20.7,45.05,232.37,Cotton,79.69,20.58,10.41,4.59,5225.0
123.96,40.21,18.12,7.31,17.26,49.72,100.45,Cotton,200.17,37.17,13.96,5.31,2857.8
91.02,48.68,20.16,7.7,19.95,53.37,206.79,Maize,237.0,29.8,18.08,5.66,6071.71
32.09,75.02,19.6,8.11,25.9,81.71,166.04,Soybean,140.19,9.03,22.06,6.58,4379.85
76.98,48.65,46.88,6.59,24.54,58.47,310.62,Wheat,201.42,10.26,7.22,7.45,3391.6
74.87,43.94,24.74,6.68,24.06,52.02,144.02,Maize,79.83,15.17,10.35,4.22,4081.04
6.26,70.02,17.61,6.04,35.43,49.52,103.23,Soybean,184.1,1.96,21.43,5.35,2320.75
116.43,47.68,18.54,5.67,23.36,60.15,135.17,Maize,175.96,28.76,10.98,5.67,2456.0
24.31,62.41,20.39,6.82,17.74,97.52,115.88,Soybean,301.92,4.76,8.27,2.55,2059.04
84.85,40.54,39.51,6.44,18.58,58.04,249.98,Wheat,244.63,13.73,6.27,6.61,4364.15
14.07,68.33,18.39,5.06,26.21,64.23,140.01,Soybean,314.85,4.75,19.49,5.99,3275.23
30.46,77.18,19.3,6.95,31.99,77.67,255.92,Soybean,294.04,9.56,20.5,6.37,2215.59
86.7,61.34,35.06,6.34,27.56,70.66,188.82,Rice,120.86,11.62,9.18,5.38,1927.54
83.12,51.1,17.12,7.25,31.34,58.27,312.4,Maize,207.25,13.48,7.24,2.4,4306.28
66.87,51.38,18.13,7.46,20.75,53.64,80.87,Maize,160.41,20.32,14.5,5.42,4866.76
83.96,42.34,36.03,6.61,22.74,64.02,252.49,Rice,385.43,19.71,9.04,9.12,3636.72
73.69,48.95,39.18,8.11,22.34,73.9,179.74,Wheat,122.93,19.85,11.68,12.04,5391.85
94.85,57.02,17.49,6.69,26.58,53.76,84.25,Maize,144.32,22.47,10.57,3.84,5024.63
99.66,42.25,44.41,6.01,21.42,68.32,234.42,Rice,496.53,13.93,6.49,5.74,4237.39
95.59,49.79,37.02,6.93,27.33,48.04,189.65,Wheat,211.04,12.95,7.96,6.75,4916.6
61.52,51.36,20.44,6.34,26.38,77.95,296.96,Maize,190.91,10.47,12.25,4.75,3476.03
14.82,68.9,10.59,5.41,28.76,88.67,191.62,Soybean,213.72,5.14,24.81,3.66,5203.65
111.93,46.54,21.96,7.38,17.28,68.68,177.25,Cotton,307.96,15.33,8.58,3.49,2602.85
122.04,30.57,21.6,5.68,22.98,60.45,117.59,Cotton,132.67,36.48,10.88,5.98,3922.7
98.28,39.71,21.49,6.56,30.27,73.07,335.33,Cotton,307.02,18.65,5.78,3.21,2547.11
30.43,57.1,22.29,6.21,15.27,97.89,291.38,Soybean,370.39,9.27,15.94,5.77,4917.69
119.26,52.22,19.89,6.58,31.97,65.62,259.51,Cotton,289.24,16.49,7.1,2.91,3513.66
80.97,54.69,22.97,5.59,22.86,56.37,137.58,Maize,78.29,14.65,9.93,4.49,4236.07
149.02,40.52,17.17,5.89,28.38,66.94,259.8,Cotton,159.91,18.62,6.85,2.44,3545.8
38.49,50.97,21.08,5.65,26.64,53.8,125.69,Soybean,184.17,8.86,11.73,4.9,4678.32
69.24,64.68,19.23,6.38,24.57,46.82,328.94,Maize,246.93,24.01,15.19,6.73,5773.48
25.87,74.87,18.57,6.7,31.94,65.37,80.18,Soybean,129.85,5.94,12.74,4.25,3387.78
93.49,40.76,43.92,6.21,25.72,61.27,266.41,Wheat,123.94,19.72,7.79,7.01,2182.75
69.94,42.84,14.9,7.01,15.81,43.67,247.33,Maize,486.44,20.5,13.05,4.92,2869.26
4.5,75.26,16.01,7.24,16.01,42.09,249.19,Soybean,184.06,0.68,10.77,3.09,4002.22
23.92,60.75,23.0,8.53,29.73,63.84,202.98,Soybean,309.83,8.07,19.98,6.72,4690.27
60.07,42.82,38.48,7.22,27.93,82.75,62.81,Wheat,98.51,10.08,8.11,6.0,5713.04
15.43,78.79,17.49,7.11,30.12,49.56,58.24,Soybean,153.46,2.23,11.79,2.37,3623.47
96.09,49.66,39.2,5.82,19.15,67.71,196.05,Wheat,113.09,27.66,15.6,10.04,2857.61
39.02,71.42,18.26,7.19,32.64,101.01,144.61,Soybean,146.78,7.12,11.44,3.15,2137.46
6.54,54.48,22.54,5.62,28.08,50.25,86.41,Soybean,207.03,2.15,18.25,6.19,2068.29
20.3,60.26,20.4,5.99,28.77,46.87,334.83,Soybean,171.42,7.29,18.05,5.8,5380.33
53.87,51.53,47.06,7.32,16.12,85.54,214.76,Wheat,279.37,9.3,7.54,6.19,2594.74
58.56,42.48,43.1,6.88,20.88,72.77,59.05,Wheat,108.87,21.53,13.48,11.54,3065.04
23.9,59.99,23.12,5.56,17.09,77.51,58.14,Soybean,223.17,7.8,19.26,6.02,3553.97
90.38,47.15,16.46,6.35,28.26,46.67,86.72,Maize,301.39,24.61,14.82,5.23,3914.17
141.3,54.88,18.16,5.39,24.96,61.59,86.41,Cotton,175.09,17.21,7.5,3.09,2677.0
131.81,74.47,17.21,6.73,27.1,82.39,188.78,Cotton,267.93,17.78,9.25,2.39,6104.88
65.67,38.87,37.63,6.14,33.14,46.65,113.09,Wheat,166.9,19.31,13.58,12.01,2223.59
71.23,52.83,20.07,6.65,30.01,40.87,277.92,Maize,193.94,24.12,15.25,6.05,4321.7
117.66,39.91,24.95,6.58,16.72,58.75,142.11,Cotton,99.69,19.7,6.56,5.49,2239.53
26.78,61.36,13.67,5.72,22.01,42.03,194.8,Soybean,112.52,8.29,18.21,3.45,4701.44
76.17,49.8,35.95,5.73,30.23,83.02,309.84,Rice,189.21,23.16,11.18,12.72,1968.86
61.64,39.93,22.2,7.87,19.94,55.97,119.06,Maize,101.23,22.11,14.34,5.43,6275.55
49.03,83.93,19.74,6.84,26.86,83.65,56.23,Soybean,488.86,9.14,14.76,4.1,6439.8
81.17,35.63,14.12,7.37,19.5,75.28,218.25,Maize,232.55,13.7,4.69,2.23,5160.68
27.37,72.83,21.25,7.81,31.24,78.44,311.02,Soybean,256.76,5.45,15.39,4.44,4841.71
104.81,40.05,27.01,7.36,32.13,48.91,61.07,Maize,170.04,18.49,7.91,4.78,3632.56
114.13,37.04,20.62,7.98,23.17,65.25,251.69,Cotton,313.27,26.16,7.85,3.56,1868.38
81.57,56.85,25.19,5.56,33.45,41.02,119.7,Maize,420.46,24.55,17.01,6.49,4887.44
107.32,53.49,16.2,6.02,32.3,54.97,58.13,Cotton,120.85,18.85,8.22,2.38,3682.64
92.16,49.24,49.48,6.06,18.34,61.0,232.99,Wheat,143.93,28.34,15.58,11.59,2844.24
41.83,76.7,20.26,7.66,17.55,64.43,205.04,Soybean,172.97,6.89,11.02,3.28,2594.5
28.61,56.21,13.07,5.87,25.28,40.54,185.2,Soybean,122.74,9.98,20.36,3.41,4221.24
132.51,40.08,17.02,7.83,34.28,73.44,185.79,Cotton,314.12,35.06,11.12,5.81,2481.65
116.09,52.67,18.91,7.11,29.15,41.32,255.95,Cotton,104.36,31.63,13.85,4.48,3249.4
145.15,54.87,20.29,7.17,31.92,38.9,159.28,Cotton,242.96,20.12,7.59,2.36,2397.77
76.76,41.64,36.5,6.29,21.11,56.45,85.51,Wheat,92.76,23.58,10.63,13.35,4685.31
99.72,62.25,43.44,6.81,24.12,70.3,65.18,Wheat,286.33,12.63,9.01,6.36,3748.38
113.7,58.22,19.37,5.98,28.62,77.0,217.7,Cotton,118.8,40.03,16.71,6.38,4874.57
73.41,64.63,21.49,5.62,26.58,60.82,127.25,Maize,142.07,14.5,10.7,3.39,3212.41
85.48,48.6,13.84,7.42,30.0,53.85,234.64,Maize,458.72,21.75,13.03,4.22,2202.5
82.96,44.78,24.2,5.07,32.81,82.8,225.06,Maize,417.02,12.04,5.71,3.58,5264.37
75.71,49.2,36.78,6.51,24.45,47.67,296.53,Rice,188.34,29.95,14.31,11.45,4653.16
40.49,81.72,28.26,6.13,19.41,72.85,261.88,Soybean,298.43,4.95,12.01,3.56,2501.67
23.2,93.76,16.57,6.84,22.32,95.11,253.44,Soybean,271.27,3.06,12.95,2.39,4848.07
77.58,61.64,16.98,6.95,30.38,45.67,317.77,Maize,202.71,11.06,8.76,2.15,4097.72
25.11,54.16,23.18,8.11,21.81,76.13,94.13,Soybean,187.2,4.81,11.23,4.06,5152.72
74.26,49.83,20.93,6.78,16.86,81.27,145.38,Maize,256.02,11.06,7.66,2.89,5597.77
76.69,55.82,38.86,5.02,25.7,71.37,221.75,Rice,223.24,19.0,10.8,9.66,2369.26
11.95,58.59,18.65,7.16,28.14,51.93,238.42,Soybean,308.79,2.08,8.79,2.89,6443.38
94.21,37.09,37.5,6.86,16.05,63.75,129.75,Wheat,69.76,31.76,9.58,10.46,3877.77
146.45,49.87,18.43,8.21,30.51,82.97,307.7,Cotton,226.87,39.61,15.6,5.77,2299.74
95.96,41.42,16.11,5.86,33.05,74.67,202.4,Maize,233.86,11.72,7.16,2.4,4558.31
125.15,40.37,18.92,6.41,23.47,36.66,189.11,Cotton,390.26,30.34,13.84,5.51,3166.35
76.09,54.3,16.47,5.1,19.7,88.8,308.65,Maize,356.29,13.96,10.93,3.0,5820.68
14.95,75.08,20.92,8.08,35.71,79.57,265.47,Soybean,417.61,2.8,12.09,3.63,5663.01
144.19,52.86,24.37,7.35,25.53,42.66,163.38,Cotton,427.76,24.31,10.57,4.72,3244.32
102.33,50.93,14.96,6.66,15.61,77.62,210.78,Cotton,194.97,14.87,6.95,2.93,5180.79
72.29,41.29,14.8,7.04,23.22,61.34,82.32,Maize,167.89,19.87,15.14,4.98,5124.79
84.3,38.57,36.36,6.15,34.34,61.29,271.74,Rice,216.24,13.48,5.52,6.72,3972.3
145.3,58.09,20.05,6.3,37.72,43.47,168.04,Cotton,250.37,36.62,17.14,5.71,3913.48
82.39,36.76,22.89,6.06,18.33,47.72,196.4,Maize,286.69,12.15,5.91,3.33,3491.61
65.44,38.49,40.47,6.44,35.77,91.03,104.91,Rice,337.4,15.3,9.0,7.67,4517.1
65.6,41.66,23.76,7.27,25.39,53.95,166.2,Maize,185.54,13.97,7.61,4.17,3074.66
70.51,53.25,18.32,6.28,29.08,74.95,65.99,Maize,205.67,9.65,6.75,2.81,4868.18
85.47,59.69,44.31,7.16,16.17,68.07,130.72,Wheat,139.8,25.11,18.58,11.1,4995.73
99.13,63.33,19.96,4.92,19.18,75.88,254.19,Cotton,171.56,31.86,14.91,5.8,4954.52
59.13,40.28,35.76,6.83,16.14,84.68,263.95,Wheat,226.17,9.28,6.47,6.01,2753.23
86.35,57.0,36.18,5.44,19.24,48.61,109.25,Rice,143.7,11.92,9.21,5.37,6494.05
41.62,62.69,19.53,5.35,23.29,52.11,135.83,Soybean,145.55,10.22,22.36,7.44,2693.8
84.55,43.68,45.31,6.69,26.77,70.07,225.12,Wheat,167.15,27.06,14.34,12.99,4771.57
75.08,42.77,34.94,8.08,24.94,46.9,58.53,Rice,99.31,17.92,13.24,9.75,3196.58
91.11,43.66,46.32,6.54,20.03,86.57,197.69,Rice,185.6,29.05,14.87,14.39,5594.33
31.43,67.05,19.04,6.71,24.86,38.87,145.37,Soybean,147.01,4.59,11.68,3.06,2317.64
54.85,53.38,20.3,6.2,31.17,80.58,303.93,Maize,353.82,16.88,20.68,6.44,3541.7
73.67,51.6,48.43,6.12,31.13,80.47,73.76,Wheat,301.3,20.85,12.5,12.03,5374.72
102.21,62.51,30.83,6.81,20.47,47.34,231.43,Rice,83.35,14.85,8.74,5.15,4730.56
91.02,33.99,35.67,6.97,37.11,58.38,254.55,Rice,260.24,13.39,4.97,6.48,3033.04
144.97,32.94,19.67,6.35,15.76,71.41,267.73,Cotton,83.33,23.32,6.59,4.24,6292.32
129.15,56.78,23.9,6.28,26.53,73.44,214.28,Cotton,210.66,15.06,8.34,3.93,2740.65
40.18,85.87,20.2,5.72,25.03,77.75,57.4,Soybean,396.23,8.99,14.74,3.99,6140.1
124.37,44.16,18.2,7.27,14.89,69.73,162.91,Cotton,318.37,15.44,7.55,2.85,2135.3
126.1,36.21,19.91,7.66,33.18,45.67,76.38,Cotton,164.0,24.88,7.3,4.55,3626.54
106.13,44.58,25.19,6.64,21.82,70.29,140.77,Cotton,221.56,27.7,15.15,6.74,4924.32
35.55,59.47,20.55,6.03,32.61,72.92,236.88,Soybean,323.65,9.97,20.27,6.42,2399.38
79.44,40.03,47.2,7.97,24.61,53.88,134.1,Wheat,86.26,13.66,7.41,10.07,2526.85
133.97,68.94,19.1,6.11,29.68,56.47,142.12,Cotton,204.46,41.41,19.58,5.67,4163.74
69.19,47.87,16.6,6.41,20.53,84.2,324.7,Maize,305.62,14.78,9.32,2.74,5641.01
80.12,46.8,36.33,7.41,37.02,78.72,69.5,Rice,242.78,13.06,11.76,7.31,6327.45
31.71,67.88,17.32,5.69,29.14,40.25,298.22,Soybean,174.5,10.7,15.93,4.0,4050.96
135.98,43.21,22.06,6.2,26.71,44.59,176.65,Cotton,352.09,23.17,10.63,4.92,3543.93
78.22,42.37,21.82,7.18,35.51,96.39,135.17,Maize,397.26,23.9,11.68,7.24,2661.34
101.13,43.81,35.67,6.63,15.82,65.47,339.45,Wheat,235.3,20.21,9.35,6.87,3472.7
18.57,73.97,16.33,6.1,24.43,66.01,283.38,Soybean,154.14,5.77,21.3,5.26,2638.65
92.83,51.96,16.07,8.16,28.39,52.55,284.18,Maize,454.15,27.95,14.38,5.32,2662.59
25.68,76.48,15.85,5.27,35.75,54.41,167.81,Soybean,450.62,7.15,20.21,4.98,4520.12
96.77,43.75,20.6,6.97,16.85,49.82,222.14,Maize,162.49,18.66,7.94,4.61,3881.31
124.25,65.58,23.35,5.77,24.45,45.64,152.58,Cotton,183.37,41.3,20.69,6.97,5577.49
100.04,38.92,19.03,5.4,21.98,82.24,234.92,Cotton,157.93,16.72,5.57,2.72,3078.98
73.07,51.52,40.67,6.92,32.28,62.01,77.63,Rice,69.31,22.84,12.25,11.91,6054.4
56.97,42.09,44.39,7.75,16.26,86.09,221.35,Wheat,231.84,7.78,6.93,5.95,2399.54
85.11,59.88,14.69,6.71,36.26,50.9,323.54,Maize,192.54,11.76,9.3,2.61,4363.04
93.02,61.43,15.54,5.1,24.74,82.27,95.52,Maize,216.44,12.49,9.71,2.73,3243.22
